Div,Date,HomeTeam,AwayTeam,FTHG,FTAG,HTHG,HTAG,HTR,HS,AS,HST,AST,HC,AC,HF,AF,HY,AY,HR,AR,FTR
,2021-01-03,Newcastle,Leicester,,,,,,,,,,,,,,,,,,A
,2021-01-03,Chelsea,Man City,,,,,,,,,,,,,,,,,,A
,2021-01-04,Southampton,Liverpool,,,,,,,,,,,,,,,,,,H
,2021-01-12,Sheffield Utd,Newcastle,,,,,,,,,,,,,,,,,,H
,2021-01-12,Burnley,Man Utd,,,,,,,,,,,,,,,,,,A
,2021-01-12,Wolves,Everton,,,,,,,,,,,,,,,,,,A
,2021-02-03,Burnley,Man City,,,,,,,,,,,,,,,,,,A
,2021-02-03,Fulham,Leicester,,,,,,,,,,,,,,,,,,A
,2021-02-03,Leeds,Everton,,,,,,,,,,,,,,,,,,A
,2021-02-03,Aston Villa,West Ham,,,,,,,,,,,,,,,,,,A
,2021-02-03,Liverpool,Brighton,,,,,,,,,,,,,,,,,,A
,2021-02-04,Spurs,Chelsea,,,,,,,,,,,,,,,,,,A
,2021-02-06,Aston Villa,Arsenal,,,,,,,,,,,,,,,,,,H
,2021-02-06,Burnley,Brighton,,,,,,,,,,,,,,,,,,D
,2021-02-06,Newcastle,Southampton,,,,,,,,,,,,,,,,,,H
,2021-02-06,Fulham,West Ham,,,,,,,,,,,,,,,,,,D
,2021-02-06,Man Utd,Everton,,,,,,,,,,,,,,,,,,D
,2021-02-07,Spurs,West Brom,,,,,,,,,,,,,,,,,,H
,2021-02-07,Wolves,Leicester,,,,,,,,,,,,,,,,,,D
,2021-02-07,Liverpool,Man City,,,,,,,,,,,,,,,,,,A
,2021-02-07,Sheffield Utd,Chelsea,,,,,,,,,,,,,,,,,,A
,2021-02-08,Leeds,Crystal Palace,,,,,,,,,,,,,,,,,,H
,2020-01-11,Aston Villa,Southampton,,,,,,,,,,,,,,,,,,A
,2020-01-11,Newcastle,Everton,,,,,,,,,,,,,,,,,,H
,2020-01-11,Man Utd,Arsenal,,,,,,,,,,,,,,,,,,A
,2020-01-11,Spurs,Brighton,,,,,,,,,,,,,,,,,,H
,2020-02-11,Fulham,West Brom,,,,,,,,,,,,,,,,,,H
,2020-02-11,Leeds,Leicester,,,,,,,,,,,,,,,,,,A
,2020-03-10,Chelsea,Crystal Palace,,,,,,,,,,,,,,,,,,H
,2020-03-10,Everton,Brighton,,,,,,,,,,,,,,,,,,H
,2020-03-10,Leeds,Man City,,,,,,,,,,,,,,,,,,D
,2020-03-10,Newcastle,Burnley,,,,,,,,,,,,,,,,,,H
,2020-04-10,Leicester,West Ham,,,,,,,,,,,,,,,,,,A
,2020-04-10,Southampton,West Brom,,,,,,,,,,,,,,,,,,H
,2020-04-10,Arsenal,Sheffield Utd,,,,,,,,,,,,,,,,,,H
,2020-04-10,Wolves,Fulham,,,,,,,,,,,,,,,,,,H
,2020-04-10,Man Utd,Spurs,,,,,,,,,,,,,,,,,,A
,2020-04-10,Aston Villa,Liverpool,,,,,,,,,,,,,,,,,,H
,2020-05-12,Burnley,Everton,,,,,,,,,,,,,,,,,,D
,2020-05-12,Man City,Fulham,,,,,,,,,,,,,,,,,,H
,2020-05-12,West Ham,Man Utd,,,,,,,,,,,,,,,,,,A
,2020-05-12,Chelsea,Leeds,,,,,,,,,,,,,,,,,,H
,2020-06-11,Brighton,Burnley,,,,,,,,,,,,,,,,,,D
,2020-06-11,Southampton,Newcastle,,,,,,,,,,,,,,,,,,H
,2020-06-12,West Brom,Crystal Palace,,,,,,,,,,,,,,,,,,A
,2020-06-12,Sheffield Utd,Leicester,,,,,,,,,,,,,,,,,,A
,2020-06-12,Spurs,Arsenal,,,,,,,,,,,,,,,,,,H
,2020-06-12,Liverpool,Wolves,,,,,,,,,,,,,,,,,,H
,2020-07-11,Everton,Man Utd,,,,,,,,,,,,,,,,,,A
,2020-07-11,Crystal Palace,Leeds,,,,,,,,,,,,,,,,,,H
,2020-07-11,Chelsea,Sheffield Utd,,,,,,,,,,,,,,,,,,H
,2020-07-11,West Ham,Fulham,,,,,,,,,,,,,,,,,,H
,2020-07-12,Brighton,Southampton,,,,,,,,,,,,,,,,,,A
,2020-08-11,West Brom,Spurs,,,,,,,,,,,,,,,,,,A
,2020-08-11,Leicester,Wolves,,,,,,,,,,,,,,,,,,H
,2020-08-11,Man City,Liverpool,,,,,,,,,,,,,,,,,,D
,2020-08-11,Arsenal,Aston Villa,,,,,,,,,,,,,,,,,,A
,2020-09-13,West Brom,Leicester,,,,,,,,,,,,,,,,,,A
,2020-09-13,Spurs,Everton,,,,,,,,,,,,,,,,,,A
,2020-09-14,Sheffield Utd,Wolves,,,,,,,,,,,,,,,,,,A
,2020-09-14,Brighton,Chelsea,,,,,,,,,,,,,,,,,,A
,2020-09-19,Everton,West Brom,,,,,,,,,,,,,,,,,,H
,2020-09-19,Leeds,Fulham,,,,,,,,,,,,,,,,,,H
,2020-09-19,Man Utd,Crystal Palace,,,,,,,,,,,,,,,,,,A
,2020-09-19,Arsenal,West Ham,,,,,,,,,,,,,,,,,,H
,2020-09-20,Southampton,Spurs,,,,,,,,,,,,,,,,,,A
,2020-09-20,Newcastle,Brighton,,,,,,,,,,,,,,,,,,A
,2020-09-20,Chelsea,Liverpool,,,,,,,,,,,,,,,,,,A
,2020-09-20,Leicester,Burnley,,,,,,,,,,,,,,,,,,H
,2020-09-21,Aston Villa,Sheffield Utd,,,,,,,,,,,,,,,,,,H
,2020-09-21,Wolves,Man City,,,,,,,,,,,,,,,,,,A
,2020-09-26,Brighton,Man Utd,,,,,,,,,,,,,,,,,,A
,2020-09-26,Crystal Palace,Everton,,,,,,,,,,,,,,,,,,A
,2020-09-26,West Brom,Chelsea,,,,,,,,,,,,,,,,,,D
,2020-09-26,Burnley,Southampton,,,,,,,,,,,,,,,,,,A
,2020-09-27,Sheffield Utd,Leeds,,,,,,,,,,,,,,,,,,A
,2020-09-27,Spurs,Newcastle,,,,,,,,,,,,,,,,,,D
,2020-09-27,Man City,Leicester,,,,,,,,,,,,,,,,,,A
,2020-09-27,West Ham,Wolves,,,,,,,,,,,,,,,,,,H
,2020-09-28,Fulham,Aston Villa,,,,,,,,,,,,,,,,,,A
,2020-09-28,Liverpool,Arsenal,,,,,,,,,,,,,,,,,,H
,2020-10-17,Everton,Liverpool,,,,,,,,,,,,,,,,,,D
,2020-10-17,Chelsea,Southampton,,,,,,,,,,,,,,,,,,D
,2020-10-17,Man City,Arsenal,,,,,,,,,,,,,,,,,,H
,2020-10-17,Newcastle,Man Utd,,,,,,,,,,,,,,,,,,A
,2020-10-18,Sheffield Utd,Fulham,,,,,,,,,,,,,,,,,,D
,2020-10-18,Crystal Palace,Brighton,,,,,,,,,,,,,,,,,,D
,2020-10-18,Spurs,West Ham,,,,,,,,,,,,,,,,,,D
,2020-10-18,Leicester,Aston Villa,,,,,,,,,,,,,,,,,,A
,2020-10-19,West Brom,Burnley,,,,,,,,,,,,,,,,,,D
,2020-10-19,Leeds,Wolves,,,,,,,,,,,,,,,,,,A
,2020-10-23,Aston Villa,Leeds,,,,,,,,,,,,,,,,,,A
,2020-10-24,West Ham,Man City,,,,,,,,,,,,,,,,,,D
,2020-10-24,Fulham,Crystal Palace,,,,,,,,,,,,,,,,,,A
,2020-10-24,Man Utd,Chelsea,,,,,,,,,,,,,,,,,,D
,2020-10-24,Liverpool,Sheffield Utd,,,,,,,,,,,,,,,,,,H
,2020-10-25,Southampton,Everton,,,,,,,,,,,,,,,,,,H
,2020-10-25,Wolves,Newcastle,,,,,,,,,,,,,,,,,,D
,2020-10-25,Arsenal,Leicester,,,,,,,,,,,,,,,,,,A
,2020-10-26,Brighton,West Brom,,,,,,,,,,,,,,,,,,D
,2020-10-26,Burnley,Spurs,,,,,,,,,,,,,,,,,,A
,2020-10-30,Wolves,Crystal Palace,,,,,,,,,,,,,,,,,,H
,2020-10-31,Sheffield Utd,Man City,,,,,,,,,,,,,,,,,,A
,2020-10-31,Burnley,Chelsea,,,,,,,,,,,,,,,,,,A
,2020-10-31,Liverpool,West Ham,,,,,,,,,,,,,,,,,,H
,2020-11-12,Leeds,West Ham,,,,,,,,,,,,,,,,,,A
,2020-11-21,Newcastle,Chelsea,,,,,,,,,,,,,,,,,,A
,2020-11-21,Aston Villa,Brighton,,,,,,,,,,,,,,,,,,A
,2020-11-21,Spurs,Man City,,,,,,,,,,,,,,,,,,H
,2020-11-21,Man Utd,West Brom,,,,,,,,,,,,,,,,,,H
,2020-11-22,Fulham,Everton,,,,,,,,,,,,,,,,,,A
,2020-11-22,Sheffield Utd,West Ham,,,,,,,,,,,,,,,,,,A
,2020-11-22,Leeds,Arsenal,,,,,,,,,,,,,,,,,,D
,2020-11-22,Liverpool,Leicester,,,,,,,,,,,,,,,,,,H
,2020-11-23,Burnley,Crystal Palace,,,,,,,,,,,,,,,,,,H
,2020-11-23,Wolves,Southampton,,,,,,,,,,,,,,,,,,D
,2020-11-27,Crystal Palace,Newcastle,,,,,,,,,,,,,,,,,,A
,2020-11-28,Brighton,Liverpool,,,,,,,,,,,,,,,,,,D
,2020-11-28,Man City,Burnley,,,,,,,,,,,,,,,,,,H
,2020-11-28,Everton,Leeds,,,,,,,,,,,,,,,,,,A
,2020-11-28,West Brom,Sheffield Utd,,,,,,,,,,,,,,,,,,H
,2020-11-29,Southampton,Man Utd,,,,,,,,,,,,,,,,,,A
,2020-11-29,Chelsea,Spurs,,,,,,,,,,,,,,,,,,D
,2020-11-29,Arsenal,Wolves,,,,,,,,,,,,,,,,,,A
,2020-11-30,Leicester,Fulham,,,,,,,,,,,,,,,,,,A
,2020-11-30,West Ham,Aston Villa,,,,,,,,,,,,,,,,,,H
,2020-12-09,Fulham,Arsenal,,,,,,,,,,,,,,,,,,A
,2020-12-09,Crystal Palace,Southampton,,,,,,,,,,,,,,,,,,H
,2020-12-09,Liverpool,Leeds,,,,,,,,,,,,,,,,,,H
,2020-12-09,West Ham,Newcastle,,,,,,,,,,,,,,,,,,A
,2020-12-12,Wolves,Aston Villa,,,,,,,,,,,,,,,,,,A
,2020-12-12,Newcastle,West Brom,,,,,,,,,,,,,,,,,,H
,2020-12-12,Man Utd,Man City,,,,,,,,,,,,,,,,,,D
,2020-12-12,Everton,Chelsea,,,,,,,,,,,,,,,,,,H
,2020-12-13,Southampton,Sheffield Utd,,,,,,,,,,,,,,,,,,H
,2020-12-13,Crystal Palace,Spurs,,,,,,,,,,,,,,,,,,D
,2020-12-13,Fulham,Liverpool,,,,,,,,,,,,,,,,,,D
,2020-12-13,Arsenal,Burnley,,,,,,,,,,,,,,,,,,A
,2020-12-13,Leicester,Brighton,,,,,,,,,,,,,,,,,,H
,2020-12-15,Wolves,Chelsea,,,,,,,,,,,,,,,,,,H
,2020-12-15,Man City,West Brom,,,,,,,,,,,,,,,,,,D
,2020-12-16,Arsenal,Southampton,,,,,,,,,,,,,,,,,,D
,2020-12-16,Leeds,Newcastle,,,,,,,,,,,,,,,,,,H
,2020-12-16,Leicester,Everton,,,,,,,,,,,,,,,,,,A
,2020-12-16,Fulham,Brighton,,,,,,,,,,,,,,,,,,D
,2020-12-16,West Ham,Crystal Palace,,,,,,,,,,,,,,,,,,D
,2020-12-16,Liverpool,Spurs,,,,,,,,,,,,,,,,,,H
,2020-12-17,Aston Villa,Burnley,,,,,,,,,,,,,,,,,,D
,2020-12-17,Sheffield Utd,Man Utd,,,,,,,,,,,,,,,,,,A
,2020-12-19,Crystal Palace,Liverpool,,,,,,,,,,,,,,,,,,A
,2020-12-19,Southampton,Man City,,,,,,,,,,,,,,,,,,A
,2020-12-19,Everton,Arsenal,,,,,,,,,,,,,,,,,,H
,2020-12-19,Newcastle,Fulham,,,,,,,,,,,,,,,,,,D
,2020-12-20,Brighton,Sheffield Utd,,,,,,,,,,,,,,,,,,D
,2020-12-20,Spurs,Leicester,,,,,,,,,,,,,,,,,,A
,2020-12-20,Man Utd,Leeds,,,,,,,,,,,,,,,,,,H
,2020-12-20,West Brom,Aston Villa,,,,,,,,,,,,,,,,,,A
,2020-12-21,Burnley,Wolves,,,,,,,,,,,,,,,,,,H
,2020-12-21,Chelsea,West Ham,,,,,,,,,,,,,,,,,,H
,2020-12-26,Leicester,Man Utd,,,,,,,,,,,,,,,,,,D
,2020-12-26,Aston Villa,Crystal Palace,,,,,,,,,,,,,,,,,,H
,2020-12-26,Fulham,Southampton,,,,,,,,,,,,,,,,,,D
,2020-12-26,Arsenal,Chelsea,,,,,,,,,,,,,,,,,,H
,2020-12-26,Man City,Newcastle,,,,,,,,,,,,,,,,,,H
,2020-12-26,Sheffield Utd,Everton,,,,,,,,,,,,,,,,,,A
,2020-12-27,Leeds,Burnley,,,,,,,,,,,,,,,,,,H
,2020-12-27,West Ham,Brighton,,,,,,,,,,,,,,,,,,D
,2020-12-27,Liverpool,West Brom,,,,,,,,,,,,,,,,,,D
,2020-12-27,Wolves,Spurs,,,,,,,,,,,,,,,,,,D
,2020-12-28,Crystal Palace,Leicester,,,,,,,,,,,,,,,,,,D
,2020-12-28,Chelsea,Aston Villa,,,,,,,,,,,,,,,,,,D
,2020-12-29,Brighton,Arsenal,,,,,,,,,,,,,,,,,,A
,2020-12-29,Burnley,Sheffield Utd,,,,,,,,,,,,,,,,,,H
,2020-12-29,Southampton,West Ham,,,,,,,,,,,,,,,,,,D
,2020-12-29,West Brom,Leeds,,,,,,,,,,,,,,,,,,A
,2020-12-29,Man Utd,Wolves,,,,,,,,,,,,,,,,,,H
,2020-12-30,Newcastle,Liverpool,,,,,,,,,,,,,,,,,,D
,2021-01-01,Everton,West Ham,,,,,,,,,,,,,,,,,,A
,2021-01-01,Man Utd,Aston Villa,,,,,,,,,,,,,,,,,,H
,2021-01-03,Everton,Southampton,,,,,,,,,,,,,,,,,,
,2021-01-05,Brighton,Leeds,,,,,,,,,,,,,,,,,,
,2021-01-05,Burnley,West Ham,,,,,,,,,,,,,,,,,,
,2021-01-05,Chelsea,Fulham,,,,,,,,,,,,,,,,,,
,2021-01-05,Crystal Palace,Man City,,,,,,,,,,,,,,,,,,
,2021-01-05,Everton,Aston Villa,,,,,,,,,,,,,,,,,,
,2021-01-05,Man Utd,Liverpool,,,,,,,,,,,,,,,,,,
,2021-01-05,Newcastle,Arsenal,,,,,,,,,,,,,,,,,,
,2021-01-05,Southampton,Leicester,,,,,,,,,,,,,,,,,,
,2021-01-05,Spurs,Sheffield Utd,,,,,,,,,,,,,,,,,,
,2021-01-05,West Brom,Wolves,,,,,,,,,,,,,,,,,,
,2021-01-13,Man City,Brighton,,,,,,,,,,,,,,,,,,H
,2021-01-13,Spurs,Fulham,,,,,,,,,,,,,,,,,,D
,2021-01-13,Aston Villa,Spurs,,,,,,,,,,,,,,,,,,
,2021-01-14,Arsenal,Crystal Palace,,,,,,,,,,,,,,,,,,D
,2021-01-16,Wolves,West Brom,,,,,,,,,,,,,,,,,,A
,2021-01-16,Leeds,Brighton,,,,,,,,,,,,,,,,,,A
,2021-01-16,West Ham,Burnley,,,,,,,,,,,,,,,,,,H
,2021-01-16,Fulham,Chelsea,,,,,,,,,,,,,,,,,,A
,2021-01-16,Leicester,Southampton,,,,,,,,,,,,,,,,,,H
,2021-01-17,Aston Villa,Everton,,,,,,,,,,,,,,,,,,
,2021-01-17,Sheffield Utd,Spurs,,,,,,,,,,,,,,,,,,A
,2021-01-17,Liverpool,Man Utd,,,,,,,,,,,,,,,,,,D
,2021-01-17,Man City,Crystal Palace,,,,,,,,,,,,,,,,,,H
,2021-01-18,Arsenal,Newcastle,,,,,,,,,,,,,,,,,,H
,2021-01-19,West Ham,West Brom,,,,,,,,,,,,,,,,,,H
,2021-01-19,Leicester,Chelsea,,,,,,,,,,,,,,,,,,H
,2021-01-20,Man City,Aston Villa,,,,,,,,,,,,,,,,,,H
,2021-01-20,Fulham,Man Utd,,,,,,,,,,,,,,,,,,A
,2021-01-21,Liverpool,Burnley,,,,,,,,,,,,,,,,,,A
,2021-01-23,Aston Villa,Newcastle,,,,,,,,,,,,,,,,,,H
,2021-01-26,Newcastle,Leeds,,,,,,,,,,,,,,,,,,A
,2021-01-26,Crystal Palace,West Ham,,,,,,,,,,,,,,,,,,A
,2021-01-26,West Brom,Man City,,,,,,,,,,,,,,,,,,A
,2021-01-26,Southampton,Arsenal,,,,,,,,,,,,,,,,,,A
,2021-01-27,Burnley,Aston Villa,,,,,,,,,,,,,,,,,,H
,2021-01-27,Chelsea,Wolves,,,,,,,,,,,,,,,,,,D
,2021-01-27,Brighton,Fulham,,,,,,,,,,,,,,,,,,D
,2021-01-27,Everton,Leicester,,,,,,,,,,,,,,,,,,D
,2021-01-27,Man Utd,Sheffield Utd,,,,,,,,,,,,,,,,,,A
,2021-01-28,Spurs,Liverpool,,,,,,,,,,,,,,,,,,A
,2021-01-30,Everton,Newcastle,,,,,,,,,,,,,,,,,,A
,2021-01-30,Crystal Palace,Wolves,,,,,,,,,,,,,,,,,,H
,2021-01-30,Man City,Sheffield Utd,,,,,,,,,,,,,,,,,,H
,2021-01-30,West Brom,Fulham,,,,,,,,,,,,,,,,,,D
,2021-01-30,Arsenal,Man Utd,,,,,,,,,,,,,,,,,,D
,2021-01-30,Southampton,Aston Villa,,,,,,,,,,,,,,,,,,A
,2021-01-31,Chelsea,Burnley,,,,,,,,,,,,,,,,,,H
,2021-01-31,Leicester,Leeds,,,,,,,,,,,,,,,,,,A
,2021-01-31,West Ham,Liverpool,,,,,,,,,,,,,,,,,,A
,2021-01-31,Brighton,Spurs,,,,,,,,,,,,,,,,,,H
,2021-02-01,Spurs,Leeds,,,,,,,,,,,,,,,,,,H
,2021-02-01,Crystal Palace,Sheffield Utd,,,,,,,,,,,,,,,,,,H
,2021-02-01,Brighton,Wolves,,,,,,,,,,,,,,,,,,D
,2021-02-01,West Brom,Arsenal,,,,,,,,,,,,,,,,,,A
,2021-02-02,Sheffield Utd,West Brom,,,,,,,,,,,,,,,,,,H
,2021-02-02,Wolves,Arsenal,,,,,,,,,,,,,,,,,,H
,2021-02-02,Man Utd,Southampton,,,,,,,,,,,,,,,,,,H
,2021-02-02,Newcastle,Crystal Palace,,,,,,,,,,,,,,,,,,A
,2021-02-13,Leicester,Liverpool,,,,,,,,,,,,,,,,,,
,2021-02-13,Crystal Palace,Burnley,,,,,,,,,,,,,,,,,,
,2021-02-13,Man City,Spurs,,,,,,,,,,,,,,,,,,
,2021-02-13,Brighton,Aston Villa,,,,,,,,,,,,,,,,,,
,2021-02-14,Southampton,Wolves,,,,,,,,,,,,,,,,,,
,2021-02-14,West Brom,Man Utd,,,,,,,,,,,,,,,,,,
,2021-02-14,Arsenal,Leeds,,,,,,,,,,,,,,,,,,
,2021-02-14,Everton,Fulham,,,,,,,,,,,,,,,,,,
,2021-02-15,West Ham,Sheffield Utd,,,,,,,,,,,,,,,,,,
,2021-02-15,Chelsea,Newcastle,,,,,,,,,,,,,,,,,,
,2021-02-17,Burnley,Fulham,,,,,,,,,,,,,,,,,,
,2021-02-17,Everton,Man City,,,,,,,,,,,,,,,,,,
,2021-02-19,Wolves,Leeds,,,,,,,,,,,,,,,,,,
,2021-02-20,Southampton,Chelsea,,,,,,,,,,,,,,,,,,
,2021-02-20,Burnley,West Brom,,,,,,,,,,,,,,,,,,
,2021-02-20,Liverpool,Everton,,,,,,,,,,,,,,,,,,
,2021-02-20,Fulham,Sheffield Utd,,,,,,,,,,,,,,,,,,
,2021-02-21,West Ham,Spurs,,,,,,,,,,,,,,,,,,
,2021-02-21,Aston Villa,Leicester,,,,,,,,,,,,,,,,,,
,2021-02-21,Arsenal,Man City,,,,,,,,,,,,,,,,,,
,2021-02-21,Man Utd,Newcastle,,,,,,,,,,,,,,,,,,
,2021-02-22,Brighton,Crystal Palace,,,,,,,,,,,,,,,,,,
,2021-02-23,Leeds,Southampton,,,,,,,,,,,,,,,,,,
,2021-02-27,Man City,West Ham,,,,,,,,,,,,,,,,,,
,2021-02-27,West Brom,Brighton,,,,,,,,,,,,,,,,,,
,2021-02-27,Leeds,Aston Villa,,,,,,,,,,,,,,,,,,
,2021-02-27,Newcastle,Wolves,,,,,,,,,,,,,,,,,,
,2021-02-28,Crystal Palace,Fulham,,,,,,,,,,,,,,,,,,
,2021-02-28,Leicester,Arsenal,,,,,,,,,,,,,,,,,,
,2021-02-28,Spurs,Burnley,,,,,,,,,,,,,,,,,,
,2021-02-28,Chelsea,Man Utd,,,,,,,,,,,,,,,,,,
,2021-02-28,Sheffield Utd,Liverpool,,,,,,,,,,,,,,,,,,
,2021-03-04,Arsenal,Liverpool,,,,,,,,,,,,,,,,,,
,2021-03-04,Aston Villa,Fulham,,,,,,,,,,,,,,,,,,
,2021-03-04,Chelsea,West Brom,,,,,,,,,,,,,,,,,,
,2021-03-04,Everton,Crystal Palace,,,,,,,,,,,,,,,,,,
,2021-03-04,Leeds,Sheffield Utd,,,,,,,,,,,,,,,,,,
,2021-03-04,Leicester,Man City,,,,,,,,,,,,,,,,,,
,2021-03-04,Man Utd,Brighton,,,,,,,,,,,,,,,,,,
,2021-03-04,Newcastle,Spurs,,,,,,,,,,,,,,,,,,
,2021-03-04,Southampton,Burnley,,,,,,,,,,,,,,,,,,
,2021-03-04,Wolves,West Ham,,,,,,,,,,,,,,,,,,
,2021-03-13,Arsenal,Spurs,,,,,,,,,,,,,,,,,,
,2021-03-13,Crystal Palace,West Brom,,,,,,,,,,,,,,,,,,
,2021-03-13,Everton,Burnley,,,,,,,,,,,,,,,,,,
,2021-03-13,Fulham,Man City,,,,,,,,,,,,,,,,,,
,2021-03-13,Leeds,Chelsea,,,,,,,,,,,,,,,,,,
,2021-03-13,Leicester,Sheffield Utd,,,,,,,,,,,,,,,,,,
,2021-03-13,Man Utd,West Ham,,,,,,,,,,,,,,,,,,
,2021-03-13,Newcastle,Aston Villa,,,,,,,,,,,,,,,,,,
,2021-03-13,Southampton,Brighton,,,,,,,,,,,,,,,,,,
,2021-03-13,Wolves,Liverpool,,,,,,,,,,,,,,,,,,
,2021-03-20,Brighton,Newcastle,,,,,,,,,,,,,,,,,,
,2021-03-20,Burnley,Leicester,,,,,,,,,,,,,,,,,,
,2021-03-20,Crystal Palace,Man Utd,,,,,,,,,,,,,,,,,,
,2021-03-20,Fulham,Leeds,,,,,,,,,,,,,,,,,,
,2021-03-20,Liverpool,Chelsea,,,,,,,,,,,,,,,,,,
,2021-03-20,Man City,Wolves,,,,,,,,,,,,,,,,,,
,2021-03-20,Sheffield Utd,Aston Villa,,,,,,,,,,,,,,,,,,
,2021-03-20,Spurs,Southampton,,,,,,,,,,,,,,,,,,
,2021-03-20,West Brom,Everton,,,,,,,,,,,,,,,,,,
,2021-03-20,West Ham,Arsenal,,,,,,,,,,,,,,,,,,
,2021-04-17,Arsenal,Fulham,,,,,,,,,,,,,,,,,,
,2021-04-17,Aston Villa,Man City,,,,,,,,,,,,,,,,,,
,2021-04-17,Chelsea,Brighton,,,,,,,,,,,,,,,,,,
,2021-04-17,Everton,Spurs,,,,,,,,,,,,,,,,,,
,2021-04-17,Leeds,Liverpool,,,,,,,,,,,,,,,,,,
,2021-04-17,Leicester,West Brom,,,,,,,,,,,,,,,,,,
,2021-04-17,Man Utd,Burnley,,,,,,,,,,,,,,,,,,
,2021-04-17,Newcastle,West Ham,,,,,,,,,,,,,,,,,,
,2021-04-17,Southampton,Crystal Palace,,,,,,,,,,,,,,,,,,
,2021-04-17,Wolves,Sheffield Utd,,,,,,,,,,,,,,,,,,
,2021-04-24,Arsenal,Everton,,,,,,,,,,,,,,,,,,
,2021-04-24,Aston Villa,West Brom,,,,,,,,,,,,,,,,,,
,2021-04-24,Fulham,Spurs,,,,,,,,,,,,,,,,,,
,2021-04-24,Leeds,Man Utd,,,,,,,,,,,,,,,,,,
,2021-04-24,Leicester,Crystal Palace,,,,,,,,,,,,,,,,,,
,2021-04-24,Liverpool,Newcastle,,,,,,,,,,,,,,,,,,
,2021-04-24,Man City,Southampton,,,,,,,,,,,,,,,,,,
,2021-04-24,Sheffield Utd,Brighton,,,,,,,,,,,,,,,,,,
,2021-04-24,West Ham,Chelsea,,,,,,,,,,,,,,,,,,
,2021-04-24,Wolves,Burnley,,,,,,,,,,,,,,,,,,
,2021-05-15,Brighton,Man City,,,,,,,,,,,,,,,,,,
,2021-05-15,Burnley,Liverpool,,,,,,,,,,,,,,,,,,
,2021-05-15,Chelsea,Leicester,,,,,,,,,,,,,,,,,,
,2021-05-15,Crystal Palace,Arsenal,,,,,,,,,,,,,,,,,,
,2021-05-15,Everton,Wolves,,,,,,,,,,,,,,,,,,
,2021-05-15,Man Utd,Fulham,,,,,,,,,,,,,,,,,,
,2021-05-15,Newcastle,Sheffield Utd,,,,,,,,,,,,,,,,,,
,2021-05-15,Southampton,Leeds,,,,,,,,,,,,,,,,,,
,2021-05-15,Spurs,Aston Villa,,,,,,,,,,,,,,,,,,
,2021-05-15,West Brom,West Ham,,,,,,,,,,,,,,,,,,
,2021-05-23,Arsenal,Brighton,,,,,,,,,,,,,,,,,,
,2021-05-23,Aston Villa,Chelsea,,,,,,,,,,,,,,,,,,
,2021-05-23,Fulham,Newcastle,,,,,,,,,,,,,,,,,,
,2021-05-23,Leeds,West Brom,,,,,,,,,,,,,,,,,,
,2021-05-23,Leicester,Spurs,,,,,,,,,,,,,,,,,,
,2021-05-23,Liverpool,Crystal Palace,,,,,,,,,,,,,,,,,,
,2021-05-23,Man City,Everton,,,,,,,,,,,,,,,,,,
,2021-05-23,Sheffield Utd,Burnley,,,,,,,,,,,,,,,,,,
,2021-05-23,West Ham,Southampton,,,,,,,,,,,,,,,,,,
,2021-05-23,Wolves,Man Utd,,,,,,,,,,,,,,,,,,
,2021-06-03,Aston Villa,Wolves,,,,,,,,,,,,,,,,,,
,2021-06-03,Brighton,Leicester,,,,,,,,,,,,,,,,,,
,2021-06-03,Burnley,Arsenal,,,,,,,,,,,,,,,,,,
,2021-06-03,Chelsea,Everton,,,,,,,,,,,,,,,,,,
,2021-06-03,Liverpool,Fulham,,,,,,,,,,,,,,,,,,
,2021-06-03,Man City,Man Utd,,,,,,,,,,,,,,,,,,
,2021-06-03,Sheffield Utd,Southampton,,,,,,,,,,,,,,,,,,
,2021-06-03,Spurs,Crystal Palace,,,,,,,,,,,,,,,,,,
,2021-06-03,West Brom,Newcastle,,,,,,,,,,,,,,,,,,
,2021-06-03,West Ham,Leeds,,,,,,,,,,,,,,,,,,
,2021-08-05,Arsenal,West Brom,,,,,,,,,,,,,,,,,,
,2021-08-05,Aston Villa,Man Utd,,,,,,,,,,,,,,,,,,
,2021-08-05,Fulham,Burnley,,,,,,,,,,,,,,,,,,
,2021-08-05,Leeds,Spurs,,,,,,,,,,,,,,,,,,
,2021-08-05,Leicester,Newcastle,,,,,,,,,,,,,,,,,,
,2021-08-05,Liverpool,Southampton,,,,,,,,,,,,,,,,,,
,2021-08-05,Man City,Chelsea,,,,,,,,,,,,,,,,,,
,2021-08-05,Sheffield Utd,Crystal Palace,,,,,,,,,,,,,,,,,,
,2021-08-05,West Ham,Everton,,,,,,,,,,,,,,,,,,
,2021-08-05,Wolves,Brighton,,,,,,,,,,,,,,,,,,
,2021-10-04,Brighton,Everton,,,,,,,,,,,,,,,,,,
,2021-10-04,Burnley,Newcastle,,,,,,,,,,,,,,,,,,
,2021-10-04,Crystal Palace,Chelsea,,,,,,,,,,,,,,,,,,
,2021-10-04,Fulham,Wolves,,,,,,,,,,,,,,,,,,
,2021-10-04,Liverpool,Aston Villa,,,,,,,,,,,,,,,,,,
,2021-10-04,Man City,Leeds,,,,,,,,,,,,,,,,,,
,2021-10-04,Sheffield Utd,Arsenal,,,,,,,,,,,,,,,,,,
,2021-10-04,Spurs,Man Utd,,,,,,,,,,,,,,,,,,
,2021-10-04,West Brom,Southampton,,,,,,,,,,,,,,,,,,
,2021-10-04,West Ham,Leicester,,,,,,,,,,,,,,,,,,
,2021-11-05,Brighton,West Ham,,,,,,,,,,,,,,,,,,
,2021-11-05,Burnley,Leeds,,,,,,,,,,,,,,,,,,
,2021-11-05,Everton,Sheffield Utd,,,,,,,,,,,,,,,,,,
,2021-11-05,Man Utd,Leicester,,,,,,,,,,,,,,,,,,
,2021-11-05,West Brom,Liverpool,,,,,,,,,,,,,,,,,,
,2021-11-05,Crystal Palace,Aston Villa,,,,,,,,,,,,,,,,,,
,2021-12-05,Chelsea,Arsenal,,,,,,,,,,,,,,,,,,
,2021-12-05,Newcastle,Man City,,,,,,,,,,,,,,,,,,
,2021-12-05,Southampton,Fulham,,,,,,,,,,,,,,,,,,
,2021-12-05,Spurs,Wolves,,,,,,,,,,,,,,,,,,