Div,Date,HomeTeam,AwayTeam,FTHG,FTAG,HTHG,HTAG,HTR,HS,AS,HST,AST,HC,AC,HF,AF,HY,AY,HR,AR,FTR
E0,1993-08-14,Liverpool,Sheffield Weds,2,0,,,,,,,,,,,,,,,,H
E0,1993-08-25,Liverpool,Tottenham,1,2,,,,,,,,,,,,,,,,A
E0,1993-08-28,Liverpool,Leeds,2,0,,,,,,,,,,,,,,,,H
E0,1993-12-09,Liverpool,Blackburn,0,1,,,,,,,,,,,,,,,,A
E0,1993-02-10,Liverpool,Arsenal,0,0,,,,,,,,,,,,,,,,D
E0,1993-10-16,Liverpool,Oldham,2,1,,,,,,,,,,,,,,,,H
E0,1993-10-30,Liverpool,Southampton,4,2,,,,,,,,,,,,,,,,H
E0,1993-06-11,Liverpool,West Ham,2,0,,,,,,,,,,,,,,,,H
E0,1993-11-28,Liverpool,Aston Villa,2,1,,,,,,,,,,,,,,,,H
E0,1993-08-12,Liverpool,QPR,3,2,,,,,,,,,,,,,,,,H
E0,1993-11-12,Liverpool,Swindon,2,2,,,,,,,,,,,,,,,,D
E0,1993-12-28,Liverpool,Wimbledon,1,1,,,,,,,,,,,,,,,,D
E0,1994-04-01,Liverpool,Man United,3,3,,,,,,,,,,,,,,,,D
E0,1994-01-22,Liverpool,Man City,2,1,,,,,,,,,,,,,,,,H
E0,1994-02-26,Liverpool,Coventry,1,0,,,,,,,,,,,,,,,,H
E0,1994-03-13,Liverpool,Everton,2,1,,,,,,,,,,,,,,,,H
E0,1994-03-19,Liverpool,Chelsea,2,1,,,,,,,,,,,,,,,,H
E0,1994-02-04,Liverpool,Sheffield United,1,2,,,,,,,,,,,,,,,,A
E0,1994-09-04,Liverpool,Ipswich,1,0,,,,,,,,,,,,,,,,H
E0,1994-04-16,Liverpool,Newcastle,0,2,,,,,,,,,,,,,,,,A
E0,1994-04-30,Liverpool,Norwich,0,1,,,,,,,,,,,,,,,,A
E0,1994-08-28,Liverpool,Arsenal,3,0,,,,,,,,,,,,,,,,H
E0,1994-10-09,Liverpool,West Ham,0,0,,,,,,,,,,,,,,,,D
E0,1994-01-10,Liverpool,Sheffield Weds,4,1,,,,,,,,,,,,,,,,H
E0,1994-08-10,Liverpool,Aston Villa,3,2,,,,,,,,,,,,,,,,H
E0,1994-10-22,Liverpool,Wimbledon,3,0,,,,,,,,,,,,,,,,H
E0,1994-05-11,Liverpool,Nott'm Forest,1,0,,,,,,,,,,,,,,,,H
E0,1994-09-11,Liverpool,Chelsea,3,1,,,,,,,,,,,,,,,,H
E0,1994-11-26,Liverpool,Tottenham,1,1,,,,,,,,,,,,,,,,D
E0,1994-11-12,Liverpool,Crystal Palace,0,0,,,,,,,,,,,,,,,,D
E0,1994-12-28,Liverpool,Man City,2,0,,,,,,,,,,,,,,,,H
E0,1995-02-01,Liverpool,Norwich,4,0,,,,,,,,,,,,,,,,H
E0,1995-01-14,Liverpool,Ipswich,0,1,,,,,,,,,,,,,,,,A
E0,1995-01-24,Liverpool,Everton,0,0,,,,,,,,,,,,,,,,D
E0,1995-11-02,Liverpool,QPR,1,1,,,,,,,,,,,,,,,,D
E0,1995-04-03,Liverpool,Newcastle,2,0,,,,,,,,,,,,,,,,H
E0,1995-03-14,Liverpool,Coventry,2,3,,,,,,,,,,,,,,,,A
E0,1995-03-19,Liverpool,Man United,2,0,,,,,,,,,,,,,,,,H
E0,1995-05-04,Liverpool,Southampton,3,1,,,,,,,,,,,,,,,,H
E0,1995-09-04,Liverpool,Leeds,0,1,,,,,,,,,,,,,,,,A
E0,1995-04-17,Liverpool,Leicester,2,0,,,,,,,,,,,,,,,,H
E0,1995-05-14,Liverpool,Blackburn,2,1,,,,,,,,,,,,,,,,H
E0,1995-08-19,Liverpool,Sheffield Weds,1,0,0.0,0.0,D,,,,,,,,,,,,,H
E0,1995-08-30,Liverpool,QPR,1,0,1.0,0.0,H,,,,,,,,,,,,,H
E0,1995-09-16,Liverpool,Blackburn,3,0,3.0,0.0,H,,,,,,,,,,,,,H
E0,1995-09-23,Liverpool,Bolton,5,2,2.0,0.0,H,,,,,,,,,,,,,H
E0,1995-10-14,Liverpool,Coventry,0,0,0.0,0.0,D,,,,,,,,,,,,,D
E0,1995-10-28,Liverpool,Man City,6,0,2.0,0.0,H,,,,,,,,,,,,,H
E0,1995-11-18,Liverpool,Everton,1,2,0.0,0.0,D,,,,,,,,,,,,,A
E0,1995-02-12,Liverpool,Southampton,1,1,0.0,0.0,D,,,,,,,,,,,,,D
E0,1995-12-17,Liverpool,Man United,2,0,1.0,0.0,H,,,,,,,,,,,,,H
E0,1995-12-23,Liverpool,Arsenal,3,1,1.0,1.0,D,,,,,,,,,,,,,H
E0,1996-01-01,Liverpool,Nott'm Forest,4,2,2.0,2.0,D,,,,,,,,,,,,,H
E0,1996-01-20,Liverpool,Leeds,5,0,1.0,0.0,H,,,,,,,,,,,,,H
E0,1996-03-02,Liverpool,Tottenham,0,0,0.0,0.0,D,,,,,,,,,,,,,D
E0,1996-03-03,Liverpool,Aston Villa,3,0,3.0,0.0,H,,,,,,,,,,,,,H
E0,1996-03-13,Liverpool,Wimbledon,2,2,1.0,0.0,H,,,,,,,,,,,,,D
E0,1996-03-16,Liverpool,Chelsea,2,0,0.0,0.0,D,,,,,,,,,,,,,H
E0,1996-03-04,Liverpool,Newcastle,4,3,1.0,2.0,A,,,,,,,,,,,,,H
E0,1996-08-04,Liverpool,West Ham,2,0,2.0,0.0,H,,,,,,,,,,,,,H
E0,1996-04-27,Liverpool,Middlesbrough,1,0,0.0,0.0,D,,,,,,,,,,,,,H
E0,1996-08-19,Liverpool,Arsenal,2,0,0.0,0.0,D,,,,,,,,,,,,,H
E0,1996-08-24,Liverpool,Sunderland,0,0,0.0,0.0,D,,,,,,,,,,,,,D
E0,1996-07-09,Liverpool,Southampton,2,1,1.0,0.0,H,,,,,,,,,,,,,H
E0,1996-09-21,Liverpool,Chelsea,5,1,3.0,0.0,H,,,,,,,,,,,,,H
E0,1996-10-27,Liverpool,Derby,2,1,0.0,0.0,D,,,,,,,,,,,,,H
E0,1996-11-20,Liverpool,Everton,1,1,1.0,0.0,H,,,,,,,,,,,,,D
E0,1996-11-23,Liverpool,Wimbledon,1,1,1.0,0.0,H,,,,,,,,,,,,,D
E0,1996-07-12,Liverpool,Sheffield Weds,0,1,0.0,1.0,A,,,,,,,,,,,,,A
E0,1996-12-14,Liverpool,Middlesbrough,5,1,3.0,0.0,H,,,,,,,,,,,,,H
E0,1996-12-17,Liverpool,Nott'm Forest,4,2,2.0,1.0,H,,,,,,,,,,,,,H
E0,1996-12-26,Liverpool,Leicester,1,1,0.0,0.0,D,,,,,,,,,,,,,D
E0,1997-11-01,Liverpool,West Ham,0,0,0.0,0.0,D,,,,,,,,,,,,,D
E0,1997-01-18,Liverpool,Aston Villa,3,0,0.0,0.0,D,,,,,,,,,,,,,H
E0,1997-02-19,Liverpool,Leeds,4,0,3.0,0.0,H,,,,,,,,,,,,,H
E0,1997-02-22,Liverpool,Blackburn,0,0,0.0,0.0,D,,,,,,,,,,,,,D
E0,1997-10-03,Liverpool,Newcastle,4,3,3.0,0.0,H,,,,,,,,,,,,,H
E0,1997-06-04,Liverpool,Coventry,1,2,0.0,0.0,D,,,,,,,,,,,,,A
E0,1997-04-19,Liverpool,Man United,1,3,1.0,2.0,A,,,,,,,,,,,,,A
E0,1997-03-05,Liverpool,Tottenham,2,1,2.0,1.0,H,,,,,,,,,,,,,H
E0,1997-08-13,Liverpool,Leicester,1,2,0.0,1.0,A,,,,,,,,,,,,,A
E0,1997-09-13,Liverpool,Sheffield Weds,2,1,0.0,0.0,D,,,,,,,,,,,,,H
E0,1997-09-22,Liverpool,Aston Villa,3,0,0.0,0.0,D,,,,,,,,,,,,,H
E0,1997-05-10,Liverpool,Chelsea,4,2,2.0,1.0,H,,,,,,,,,,,,,H
E0,1997-10-25,Liverpool,Derby,4,0,1.0,0.0,H,,,,,,,,,,,,,H
E0,1997-08-11,Liverpool,Tottenham,4,0,0.0,0.0,D,,,,,,,,,,,,,H
E0,1997-11-22,Liverpool,Barnsley,0,1,0.0,1.0,A,,,,,,,,,,,,,A
E0,1997-06-12,Liverpool,Man United,1,3,0.0,0.0,D,,,,,,,,,,,,,A
E0,1997-12-20,Liverpool,Coventry,1,0,1.0,0.0,H,,,,,,,,,,,,,H
E0,1997-12-26,Liverpool,Leeds,3,1,0.0,0.0,D,,,,,,,,,,,,,H
E0,1998-10-01,Liverpool,Wimbledon,2,0,0.0,0.0,D,,,,,,,,,,,,,H
E0,1998-01-20,Liverpool,Newcastle,1,0,1.0,0.0,H,,,,,,,,,,,,,H
E0,1998-01-31,Liverpool,Blackburn,0,0,0.0,0.0,D,,,,,,,,,,,,,D
E0,1998-07-02,Liverpool,Southampton,2,3,1.0,1.0,D,,,,,,,,,,,,,A
E0,1998-02-23,Liverpool,Everton,1,1,0.0,0.0,D,,,,,,,,,,,,,D
E0,1998-07-03,Liverpool,Bolton,2,1,0.0,1.0,A,,,,,,,,,,,,,H
E0,1998-04-13,Liverpool,Crystal Palace,2,1,1.0,0.0,H,,,,,,,,,,,,,H
E0,1998-02-05,Liverpool,West Ham,5,0,4.0,0.0,H,,,,,,,,,,,,,H
E0,1998-06-05,Liverpool,Arsenal,4,0,3.0,0.0,H,,,,,,,,,,,,,H
E0,1998-08-22,Liverpool,Arsenal,0,0,0.0,0.0,D,,,,,,,,,,,,,D
E0,1998-09-09,Liverpool,Coventry,2,0,1.0,0.0,H,,,,,,,,,,,,,H
E0,1998-09-19,Liverpool,Charlton,3,3,1.0,1.0,D,,,,,,,,,,,,,D
E0,1998-04-10,Liverpool,Chelsea,1,1,0.0,1.0,A,,,,,,,,,,,,,D
E0,1998-10-24,Liverpool,Nott'm Forest,5,1,3.0,1.0,H,,,,,,,,,,,,,H
E0,1998-07-11,Liverpool,Derby,1,2,0.0,2.0,A,,,,,,,,,,,,,A
E0,1998-11-14,Liverpool,Leeds,1,3,0.0,0.0,D,,,,,,,,,,,,,A
E0,1998-11-29,Liverpool,Blackburn,2,0,2.0,0.0,H,,,,,,,,,,,,,H
E0,1998-12-19,Liverpool,Sheffield Weds,2,0,2.0,0.0,H,,,,,,,,,,,,,H
E0,1998-12-28,Liverpool,Newcastle,4,2,0.0,1.0,A,,,,,,,,,,,,,H
E0,1999-01-16,Liverpool,Southampton,7,1,3.0,0.0,H,,,,,,,,,,,,,H
E0,1999-06-02,Liverpool,Middlesbrough,3,1,3.0,0.0,H,,,,,,,,,,,,,H
E0,1999-02-20,Liverpool,West Ham,2,2,2.0,1.0,H,,,,,,,,,,,,,D
E0,1999-03-04,Liverpool,Everton,3,2,2.0,1.0,H,,,,,,,,,,,,,H
E0,1999-04-17,Liverpool,Aston Villa,0,1,0.0,1.0,A,,,,,,,,,,,,,A
E0,1999-04-21,Liverpool,Leicester,0,1,0.0,0.0,D,,,,,,,,,,,,,A
E0,1999-01-05,Liverpool,Tottenham,3,2,0.0,2.0,A,,,,,,,,,,,,,H
E0,1999-05-05,Liverpool,Man United,2,2,0.0,1.0,A,,,,,,,,,,,,,D
E0,1999-05-16,Liverpool,Wimbledon,3,0,1.0,0.0,H,,,,,,,,,,,,,H
E0,2019-09-08,Liverpool,Norwich,4,1,4.0,0.0,H,15.0,12.0,7.0,5.0,11.0,2.0,9.0,9.0,0.0,2.0,0.0,0.0,H
E0,2019-08-24,Liverpool,Arsenal,3,1,1.0,0.0,H,25.0,9.0,5.0,3.0,6.0,4.0,8.0,5.0,1.0,1.0,0.0,0.0,H
E0,2019-09-14,Liverpool,Newcastle,3,1,2.0,1.0,H,21.0,8.0,9.0,1.0,10.0,1.0,5.0,4.0,0.0,0.0,0.0,0.0,H
E0,2019-05-10,Liverpool,Leicester,2,1,1.0,0.0,H,18.0,2.0,8.0,1.0,4.0,6.0,9.0,17.0,1.0,4.0,0.0,0.0,H
E0,2019-10-27,Liverpool,Tottenham,2,1,0.0,1.0,A,21.0,11.0,13.0,4.0,8.0,3.0,9.0,11.0,3.0,3.0,0.0,0.0,H
E0,2019-10-11,Liverpool,Man City,3,1,2.0,0.0,H,12.0,18.0,5.0,3.0,4.0,13.0,10.0,5.0,0.0,2.0,0.0,0.0,H
E0,2019-11-30,Liverpool,Brighton,2,1,2.0,0.0,H,15.0,12.0,7.0,5.0,4.0,5.0,3.0,10.0,0.0,0.0,1.0,0.0,H
E0,2019-04-12,Liverpool,Everton,5,2,4.0,2.0,H,11.0,12.0,5.0,4.0,5.0,6.0,13.0,17.0,1.0,2.0,0.0,0.0,H
E0,2019-12-14,Liverpool,Watford,2,0,1.0,0.0,H,16.0,8.0,6.0,2.0,6.0,3.0,8.0,6.0,2.0,1.0,0.0,0.0,H
E0,2019-12-29,Liverpool,Wolves,1,0,1.0,0.0,H,10.0,10.0,3.0,2.0,5.0,6.0,7.0,3.0,1.0,0.0,0.0,0.0,H
E0,2020-02-01,Liverpool,Sheffield United,2,0,1.0,0.0,H,19.0,3.0,7.0,2.0,8.0,4.0,5.0,8.0,0.0,0.0,0.0,0.0,H
E0,2020-01-19,Liverpool,Man United,2,0,1.0,0.0,H,16.0,9.0,5.0,4.0,11.0,5.0,7.0,10.0,1.0,3.0,0.0,0.0,H
E0,2020-01-02,Liverpool,Southampton,4,0,0.0,0.0,D,16.0,17.0,9.0,4.0,6.0,11.0,9.0,15.0,0.0,2.0,0.0,0.0,H
E0,2020-02-24,Liverpool,West Ham,3,2,1.0,1.0,D,25.0,7.0,7.0,4.0,16.0,8.0,4.0,10.0,0.0,3.0,0.0,0.0,H
E0,2020-07-03,Liverpool,Bournemouth,2,1,2.0,1.0,H,14.0,6.0,6.0,4.0,9.0,4.0,10.0,12.0,0.0,1.0,0.0,0.0,H
E0,2000-08-19,Liverpool,Bradford,1,0,0.0,0.0,D,16.0,3.0,10.0,2.0,6.0,1.0,8.0,8.0,1.0,1.0,0.0,0.0,H
E0,2000-06-09,Liverpool,Aston Villa,3,1,3.0,0.0,H,11.0,9.0,7.0,4.0,8.0,7.0,13.0,7.0,0.0,2.0,0.0,0.0,H
E0,2000-09-09,Liverpool,Man City,3,2,1.0,0.0,H,14.0,9.0,8.0,7.0,9.0,4.0,17.0,17.0,3.0,4.0,0.0,0.0,H
E0,2000-09-23,Liverpool,Sunderland,1,1,1.0,1.0,D,11.0,8.0,6.0,3.0,12.0,3.0,14.0,18.0,2.0,2.0,0.0,0.0,D
E0,2000-10-21,Liverpool,Leicester,1,0,0.0,0.0,D,24.0,8.0,11.0,3.0,10.0,9.0,8.0,10.0,1.0,2.0,0.0,0.0,H
E0,2000-10-29,Liverpool,Everton,3,1,1.0,1.0,D,10.0,9.0,8.0,7.0,9.0,6.0,10.0,10.0,0.0,1.0,0.0,1.0,H
E0,2000-12-11,Liverpool,Coventry,4,1,1.0,0.0,H,19.0,10.0,13.0,5.0,7.0,1.0,10.0,12.0,1.0,0.0,0.0,0.0,H
E0,2000-02-12,Liverpool,Charlton,3,0,1.0,0.0,H,13.0,7.0,3.0,2.0,6.0,5.0,10.0,9.0,1.0,1.0,0.0,0.0,H
E0,2000-10-12,Liverpool,Ipswich,0,1,0.0,1.0,A,14.0,11.0,5.0,6.0,8.0,5.0,12.0,14.0,1.0,3.0,0.0,0.0,A
E0,2000-12-23,Liverpool,Arsenal,4,0,1.0,0.0,H,12.0,12.0,6.0,6.0,6.0,3.0,18.0,14.0,2.0,0.0,0.0,0.0,H
E0,2001-01-01,Liverpool,Southampton,2,1,1.0,1.0,D,16.0,7.0,8.0,3.0,15.0,2.0,8.0,5.0,0.0,1.0,0.0,0.0,H
E0,2001-01-20,Liverpool,Middlesbrough,0,0,0.0,0.0,D,22.0,4.0,7.0,2.0,7.0,3.0,9.0,10.0,1.0,1.0,0.0,0.0,D
E0,2001-03-02,Liverpool,West Ham,3,0,2.0,0.0,H,14.0,8.0,10.0,3.0,5.0,3.0,9.0,6.0,0.0,1.0,0.0,1.0,H
E0,2001-03-18,Liverpool,Derby,1,1,0.0,1.0,A,18.0,7.0,8.0,4.0,9.0,3.0,11.0,9.0,2.0,2.0,0.0,0.0,D
E0,2001-03-31,Liverpool,Man United,2,0,2.0,0.0,H,15.0,9.0,6.0,3.0,6.0,4.0,8.0,8.0,1.0,1.0,1.0,0.0,H
E0,2001-04-13,Liverpool,Leeds,1,2,0.0,2.0,A,11.0,9.0,5.0,3.0,8.0,2.0,19.0,16.0,3.0,1.0,1.0,0.0,A
E0,2001-04-22,Liverpool,Tottenham,3,1,1.0,1.0,D,14.0,7.0,8.0,5.0,6.0,4.0,10.0,13.0,1.0,1.0,0.0,0.0,H
E0,2001-05-05,Liverpool,Newcastle,3,0,1.0,0.0,H,12.0,6.0,5.0,3.0,2.0,3.0,11.0,10.0,0.0,2.0,0.0,0.0,H
E0,2001-08-05,Liverpool,Chelsea,2,2,1.0,1.0,D,16.0,14.0,8.0,7.0,6.0,6.0,14.0,21.0,1.0,4.0,0.0,0.0,D
E0,2001-08-18,Liverpool,West Ham,2,1,1.0,1.0,D,9.0,3.0,6.0,3.0,5.0,3.0,13.0,12.0,1.0,5.0,0.0,0.0,H
E0,2001-08-09,Liverpool,Aston Villa,1,3,0.0,1.0,A,12.0,10.0,7.0,7.0,7.0,0.0,19.0,14.0,3.0,1.0,1.0,0.0,A
E0,2001-09-22,Liverpool,Tottenham,1,0,0.0,0.0,D,14.0,11.0,6.0,5.0,2.0,5.0,12.0,9.0,0.0,1.0,0.0,0.0,H
E0,2001-10-13,Liverpool,Leeds,1,1,0.0,1.0,A,10.0,9.0,2.0,3.0,6.0,4.0,11.0,14.0,3.0,2.0,0.0,0.0,D
E0,2001-04-11,Liverpool,Man United,3,1,2.0,0.0,H,8.0,10.0,5.0,3.0,1.0,1.0,9.0,13.0,0.0,0.0,0.0,0.0,H
E0,2001-11-25,Liverpool,Sunderland,1,0,1.0,0.0,H,7.0,12.0,3.0,5.0,4.0,3.0,9.0,12.0,1.0,3.0,1.0,0.0,H
E0,2001-08-12,Liverpool,Middlesbrough,2,0,2.0,0.0,H,8.0,4.0,5.0,2.0,4.0,6.0,7.0,10.0,0.0,2.0,0.0,0.0,H
E0,2001-12-12,Liverpool,Fulham,0,0,0.0,0.0,D,16.0,8.0,7.0,4.0,7.0,3.0,17.0,11.0,0.0,0.0,0.0,0.0,D
E0,2001-12-23,Liverpool,Arsenal,1,2,0.0,1.0,A,15.0,11.0,2.0,3.0,6.0,4.0,12.0,20.0,1.0,4.0,0.0,1.0,A
E0,2002-01-01,Liverpool,Bolton,1,1,0.0,0.0,D,15.0,7.0,5.0,6.0,4.0,8.0,8.0,15.0,1.0,4.0,0.0,0.0,D
E0,2002-01-19,Liverpool,Southampton,1,1,1.0,0.0,H,9.0,6.0,5.0,2.0,8.0,3.0,10.0,17.0,0.0,1.0,0.0,0.0,D
E0,2002-01-30,Liverpool,Leicester,1,0,0.0,0.0,D,11.0,3.0,4.0,0.0,9.0,3.0,9.0,21.0,1.0,2.0,0.0,0.0,H
E0,2002-02-23,Liverpool,Everton,1,1,0.0,0.0,D,13.0,6.0,5.0,3.0,9.0,4.0,9.0,13.0,0.0,2.0,0.0,0.0,D
E0,2002-06-03,Liverpool,Newcastle,3,0,1.0,0.0,H,23.0,11.0,11.0,2.0,5.0,6.0,8.0,13.0,0.0,0.0,0.0,0.0,H
E0,2002-03-24,Liverpool,Chelsea,1,0,0.0,0.0,D,8.0,10.0,4.0,1.0,5.0,3.0,17.0,13.0,1.0,1.0,0.0,0.0,H
E0,2002-03-30,Liverpool,Charlton,2,0,2.0,0.0,H,14.0,6.0,8.0,1.0,6.0,6.0,6.0,10.0,1.0,2.0,0.0,0.0,H
E0,2002-04-20,Liverpool,Derby,2,0,1.0,0.0,H,13.0,4.0,5.0,1.0,9.0,4.0,8.0,16.0,0.0,3.0,0.0,0.0,H
E0,2002-08-05,Liverpool,Blackburn,4,3,2.0,1.0,H,15.0,9.0,7.0,7.0,8.0,7.0,9.0,12.0,1.0,1.0,0.0,0.0,H
E0,2002-11-05,Liverpool,Ipswich,5,0,2.0,0.0,H,15.0,7.0,8.0,2.0,0.0,7.0,13.0,5.0,0.0,0.0,0.0,0.0,H
E0,2002-08-24,Liverpool,Southampton,3,0,1.0,0.0,H,16.0,7.0,9.0,1.0,5.0,8.0,11.0,8.0,0.0,1.0,0.0,0.0,H
E0,2002-02-09,Liverpool,Newcastle,2,2,0.0,0.0,D,22.0,11.0,11.0,6.0,12.0,3.0,7.0,25.0,1.0,2.0,0.0,0.0,D
E0,2002-11-09,Liverpool,Birmingham,2,2,1.0,0.0,H,12.0,6.0,10.0,3.0,1.0,2.0,6.0,10.0,0.0,1.0,0.0,0.0,D
E0,2002-09-21,Liverpool,West Brom,2,0,0.0,0.0,D,23.0,5.0,14.0,2.0,9.0,2.0,8.0,11.0,2.0,2.0,0.0,1.0,H
E0,2002-06-10,Liverpool,Chelsea,1,0,0.0,0.0,D,12.0,8.0,8.0,0.0,3.0,1.0,10.0,13.0,0.0,2.0,0.0,0.0,H
E0,2002-10-26,Liverpool,Tottenham,2,1,0.0,0.0,D,9.0,10.0,5.0,8.0,5.0,7.0,11.0,19.0,2.0,4.0,0.0,0.0,H
E0,2002-02-11,Liverpool,West Ham,2,0,1.0,0.0,H,13.0,5.0,9.0,1.0,6.0,0.0,7.0,8.0,0.0,0.0,0.0,0.0,H
E0,2002-11-17,Liverpool,Sunderland,0,0,0.0,0.0,D,27.0,0.0,12.0,0.0,12.0,0.0,6.0,10.0,0.0,1.0,0.0,0.0,D
E0,2002-01-12,Liverpool,Man United,1,2,0.0,0.0,D,13.0,5.0,7.0,4.0,5.0,2.0,13.0,11.0,1.0,4.0,0.0,0.0,A
E0,2002-12-22,Liverpool,Everton,0,0,0.0,0.0,D,14.0,5.0,8.0,2.0,7.0,4.0,14.0,20.0,3.0,4.0,0.0,0.0,D
E0,2002-12-26,Liverpool,Blackburn,1,1,1.0,0.0,H,12.0,10.0,6.0,5.0,7.0,4.0,8.0,6.0,1.0,1.0,0.0,0.0,D
E0,2003-11-01,Liverpool,Aston Villa,1,1,1.0,0.0,H,19.0,8.0,11.0,3.0,9.0,2.0,11.0,18.0,1.0,2.0,0.0,0.0,D
E0,2003-01-29,Liverpool,Arsenal,2,2,0.0,1.0,A,16.0,20.0,12.0,15.0,9.0,10.0,14.0,11.0,1.0,1.0,0.0,0.0,D
E0,2003-08-02,Liverpool,Middlesboro,1,1,0.0,1.0,A,17.0,2.0,10.0,2.0,14.0,3.0,16.0,12.0,0.0,2.0,0.0,0.0,D
E0,2003-08-03,Liverpool,Bolton,2,0,1.0,0.0,H,9.0,10.0,3.0,2.0,3.0,3.0,13.0,11.0,0.0,3.0,0.0,0.0,H
E0,2003-03-23,Liverpool,Leeds,3,1,2.0,1.0,H,19.0,11.0,11.0,6.0,4.0,6.0,12.0,17.0,0.0,1.0,0.0,0.0,H
E0,2003-12-04,Liverpool,Fulham,2,0,1.0,0.0,H,17.0,11.0,11.0,7.0,5.0,6.0,9.0,17.0,1.0,2.0,0.0,0.0,H
E0,2003-04-21,Liverpool,Charlton,2,1,0.0,0.0,D,20.0,5.0,10.0,5.0,8.0,9.0,4.0,14.0,0.0,1.0,0.0,0.0,H
E0,2003-03-05,Liverpool,Man City,1,2,0.0,0.0,D,8.0,6.0,6.0,3.0,8.0,4.0,9.0,17.0,2.0,2.0,0.0,0.0,A
E0,2003-08-17,Liverpool,Chelsea,1,2,0.0,1.0,A,12.0,10.0,7.0,6.0,8.0,6.0,13.0,12.0,3.0,1.0,0.0,0.0,A
E0,2003-08-27,Liverpool,Tottenham,0,0,0.0,0.0,D,22.0,9.0,10.0,4.0,8.0,5.0,20.0,27.0,2.0,5.0,0.0,0.0,D
E0,2003-09-20,Liverpool,Leicester,2,1,1.0,0.0,H,19.0,9.0,8.0,3.0,4.0,4.0,10.0,9.0,0.0,0.0,0.0,0.0,H
E0,2003-04-10,Liverpool,Arsenal,1,2,1.0,1.0,D,13.0,12.0,7.0,8.0,11.0,3.0,12.0,20.0,2.0,2.0,0.0,0.0,A
E0,2003-10-25,Liverpool,Leeds,3,1,1.0,1.0,D,20.0,7.0,9.0,5.0,9.0,3.0,11.0,13.0,0.0,2.0,0.0,0.0,H
E0,2003-09-11,Liverpool,Man United,1,2,0.0,0.0,D,10.0,6.0,4.0,4.0,2.0,6.0,16.0,9.0,1.0,2.0,0.0,0.0,A
E0,2003-11-30,Liverpool,Birmingham,3,1,1.0,1.0,D,10.0,7.0,7.0,4.0,6.0,4.0,24.0,17.0,2.0,1.0,0.0,0.0,H
E0,2003-12-13,Liverpool,Southampton,1,2,0.0,1.0,A,18.0,8.0,10.0,4.0,9.0,5.0,6.0,8.0,0.0,0.0,0.0,0.0,A
E0,2003-12-26,Liverpool,Bolton,3,1,1.0,0.0,H,13.0,7.0,8.0,2.0,7.0,1.0,10.0,18.0,0.0,2.0,0.0,0.0,H
E0,2004-10-01,Liverpool,Aston Villa,1,0,1.0,0.0,H,12.0,8.0,4.0,2.0,3.0,6.0,14.0,15.0,3.0,2.0,0.0,0.0,H
E0,2004-01-31,Liverpool,Everton,0,0,0.0,0.0,D,21.0,6.0,9.0,4.0,8.0,3.0,7.0,11.0,0.0,1.0,0.0,0.0,D
E0,2004-11-02,Liverpool,Man City,2,1,1.0,0.0,H,12.0,6.0,7.0,3.0,6.0,3.0,7.0,8.0,0.0,0.0,0.0,0.0,H
E0,2004-03-17,Liverpool,Portsmouth,3,0,2.0,0.0,H,20.0,4.0,13.0,4.0,10.0,8.0,9.0,20.0,0.0,1.0,0.0,0.0,H
E0,2004-03-20,Liverpool,Wolves,1,0,0.0,0.0,D,12.0,8.0,4.0,6.0,14.0,4.0,5.0,12.0,0.0,1.0,0.0,0.0,H
E0,2004-04-04,Liverpool,Blackburn,4,0,3.0,0.0,H,24.0,9.0,11.0,2.0,6.0,4.0,8.0,10.0,0.0,1.0,0.0,0.0,H
E0,2004-12-04,Liverpool,Charlton,0,1,0.0,0.0,D,25.0,6.0,16.0,3.0,7.0,4.0,12.0,17.0,1.0,0.0,0.0,0.0,A
E0,2004-04-17,Liverpool,Fulham,0,0,0.0,0.0,D,18.0,11.0,10.0,7.0,14.0,7.0,16.0,10.0,0.0,3.0,0.0,0.0,D
E0,2004-02-05,Liverpool,Middlesbrough,2,0,0.0,0.0,D,15.0,12.0,8.0,6.0,7.0,3.0,12.0,14.0,1.0,1.0,0.0,0.0,H
E0,2004-05-15,Liverpool,Newcastle,1,1,0.0,1.0,A,8.0,6.0,4.0,5.0,8.0,1.0,11.0,17.0,1.0,1.0,0.0,0.0,D
E0,2004-08-21,Liverpool,Man City,2,1,0.0,1.0,A,15.0,7.0,10.0,4.0,8.0,3.0,9.0,17.0,1.0,3.0,0.0,1.0,H
E0,2004-11-09,Liverpool,West Brom,3,0,2.0,0.0,H,16.0,9.0,9.0,5.0,8.0,6.0,9.0,11.0,0.0,0.0,0.0,0.0,H
E0,2004-09-25,Liverpool,Norwich,3,0,2.0,0.0,H,20.0,2.0,12.0,1.0,4.0,2.0,10.0,12.0,1.0,0.0,0.0,0.0,H
E0,2004-10-23,Liverpool,Charlton,2,0,0.0,0.0,D,17.0,3.0,7.0,1.0,12.0,0.0,9.0,11.0,0.0,1.0,0.0,0.0,H
E0,2004-06-11,Liverpool,Birmingham,0,1,0.0,0.0,D,17.0,6.0,8.0,1.0,4.0,5.0,19.0,17.0,3.0,1.0,0.0,0.0,A
E0,2004-11-13,Liverpool,Crystal Palace,3,2,2.0,1.0,H,18.0,4.0,5.0,4.0,7.0,1.0,13.0,17.0,1.0,3.0,0.0,0.0,H
E0,2004-11-28,Liverpool,Arsenal,2,1,1.0,0.0,H,11.0,3.0,7.0,2.0,6.0,0.0,6.0,16.0,0.0,2.0,0.0,0.0,H
E0,2004-12-14,Liverpool,Portsmouth,1,1,0.0,0.0,D,12.0,7.0,7.0,4.0,6.0,4.0,6.0,9.0,0.0,0.0,0.0,0.0,D
E0,2004-12-19,Liverpool,Newcastle,3,1,2.0,1.0,H,15.0,7.0,5.0,3.0,5.0,5.0,12.0,19.0,0.0,3.0,0.0,1.0,H
E0,2004-12-28,Liverpool,Southampton,1,0,1.0,0.0,H,19.0,3.0,11.0,2.0,7.0,3.0,6.0,12.0,0.0,3.0,0.0,0.0,H
E0,2005-01-01,Liverpool,Chelsea,0,1,0.0,0.0,D,14.0,8.0,7.0,7.0,3.0,2.0,14.0,16.0,2.0,2.0,0.0,0.0,A
E0,2005-01-15,Liverpool,Man United,0,1,0.0,1.0,A,13.0,5.0,5.0,2.0,9.0,4.0,12.0,25.0,2.0,4.0,0.0,1.0,A
E0,2005-05-02,Liverpool,Fulham,3,1,1.0,1.0,D,10.0,6.0,7.0,2.0,4.0,3.0,12.0,13.0,1.0,4.0,0.0,0.0,H
E0,2005-03-16,Liverpool,Blackburn,0,0,0.0,0.0,D,7.0,5.0,2.0,2.0,11.0,3.0,12.0,13.0,1.0,1.0,0.0,0.0,D
E0,2005-03-20,Liverpool,Everton,2,1,2.0,0.0,H,15.0,4.0,8.0,2.0,5.0,1.0,13.0,15.0,1.0,4.0,1.0,0.0,H
E0,2005-02-04,Liverpool,Bolton,1,0,0.0,0.0,D,10.0,13.0,7.0,5.0,4.0,12.0,6.0,13.0,1.0,3.0,0.0,0.0,H
E0,2005-04-16,Liverpool,Tottenham,2,2,1.0,1.0,D,18.0,9.0,7.0,6.0,12.0,3.0,5.0,7.0,0.0,0.0,0.0,0.0,D
E0,2005-04-30,Liverpool,Middlesbrough,1,1,0.0,1.0,A,12.0,6.0,6.0,3.0,7.0,4.0,10.0,20.0,2.0,3.0,0.0,0.0,D
E0,2005-05-15,Liverpool,Aston Villa,2,1,2.0,0.0,H,15.0,13.0,7.0,4.0,9.0,5.0,10.0,16.0,0.0,0.0,0.0,0.0,H
E0,2005-08-20,Liverpool,Sunderland,1,0,1.0,0.0,H,15.0,2.0,6.0,0.0,5.0,5.0,8.0,20.0,2.0,3.0,0.0,1.0,H
E0,2005-09-18,Liverpool,Man United,0,0,0.0,0.0,D,9.0,4.0,3.0,1.0,4.0,2.0,24.0,15.0,2.0,2.0,0.0,0.0,D
E0,2005-02-10,Liverpool,Chelsea,1,4,1.0,2.0,A,11.0,7.0,5.0,5.0,4.0,2.0,15.0,17.0,1.0,3.0,0.0,0.0,A
E0,2005-10-15,Liverpool,Blackburn,1,0,0.0,0.0,D,19.0,4.0,5.0,1.0,9.0,2.0,8.0,22.0,0.0,3.0,0.0,1.0,H
E0,2005-10-29,Liverpool,West Ham,2,0,1.0,0.0,H,17.0,4.0,9.0,2.0,10.0,5.0,15.0,13.0,2.0,0.0,0.0,0.0,H
E0,2005-11-19,Liverpool,Portsmouth,3,0,2.0,0.0,H,15.0,7.0,11.0,5.0,7.0,6.0,7.0,8.0,1.0,1.0,0.0,0.0,H
E0,2005-03-12,Liverpool,Wigan,3,0,2.0,0.0,H,16.0,10.0,12.0,6.0,11.0,6.0,16.0,15.0,1.0,2.0,0.0,0.0,H
E0,2005-10-12,Liverpool,Middlesbrough,2,0,0.0,0.0,D,23.0,6.0,13.0,3.0,11.0,2.0,10.0,18.0,1.0,2.0,0.0,1.0,H
E0,2005-12-26,Liverpool,Newcastle,2,0,2.0,0.0,H,21.0,2.0,11.0,2.0,7.0,4.0,9.0,13.0,1.0,0.0,0.0,1.0,H
E0,2005-12-31,Liverpool,West Brom,1,0,0.0,0.0,D,27.0,4.0,13.0,0.0,10.0,1.0,8.0,12.0,0.0,0.0,0.0,0.0,H
E0,2006-01-14,Liverpool,Tottenham,1,0,0.0,0.0,D,16.0,6.0,12.0,2.0,10.0,7.0,8.0,12.0,0.0,1.0,0.0,1.0,H
E0,2006-01-02,Liverpool,Birmingham,1,1,0.0,0.0,D,24.0,3.0,10.0,2.0,11.0,3.0,13.0,12.0,0.0,0.0,0.0,1.0,D
E0,2006-02-14,Liverpool,Arsenal,1,0,0.0,0.0,D,22.0,6.0,9.0,2.0,13.0,1.0,12.0,15.0,0.0,1.0,0.0,0.0,H
E0,2006-02-26,Liverpool,Man City,1,0,1.0,0.0,H,20.0,6.0,12.0,3.0,12.0,2.0,4.0,16.0,0.0,2.0,0.0,1.0,H
E0,2006-04-03,Liverpool,Charlton,0,0,0.0,0.0,D,21.0,3.0,10.0,1.0,12.0,5.0,5.0,14.0,1.0,1.0,0.0,0.0,D
E0,2006-03-15,Liverpool,Fulham,5,1,2.0,1.0,H,19.0,8.0,10.0,4.0,8.0,2.0,8.0,12.0,0.0,3.0,0.0,0.0,H
E0,2006-03-25,Liverpool,Everton,3,1,1.0,0.0,H,17.0,8.0,10.0,5.0,5.0,3.0,12.0,25.0,3.0,7.0,1.0,1.0,H
E0,2006-09-04,Liverpool,Bolton,1,0,1.0,0.0,H,17.0,7.0,7.0,4.0,3.0,2.0,6.0,6.0,1.0,1.0,0.0,0.0,H
E0,2006-04-29,Liverpool,Aston Villa,3,1,1.0,0.0,H,15.0,7.0,9.0,3.0,6.0,5.0,7.0,11.0,0.0,0.0,0.0,0.0,H
E0,2006-08-26,Liverpool,West Ham,2,1,2.0,1.0,H,19.0,8.0,8.0,3.0,6.0,1.0,15.0,6.0,1.0,0.0,0.0,0.0,H
E0,2006-09-20,Liverpool,Newcastle,2,0,1.0,0.0,H,22.0,11.0,11.0,6.0,8.0,6.0,12.0,13.0,1.0,1.0,0.0,0.0,H
E0,2006-09-23,Liverpool,Tottenham,3,0,0.0,0.0,D,14.0,5.0,6.0,1.0,6.0,0.0,12.0,9.0,1.0,0.0,0.0,0.0,H
E0,2006-10-14,Liverpool,Blackburn,1,1,0.0,1.0,A,18.0,5.0,9.0,3.0,8.0,1.0,6.0,15.0,1.0,3.0,0.0,0.0,D
E0,2006-10-28,Liverpool,Aston Villa,3,1,3.0,0.0,H,19.0,7.0,6.0,5.0,8.0,4.0,11.0,17.0,0.0,1.0,0.0,0.0,H
E0,2006-04-11,Liverpool,Reading,2,0,1.0,0.0,H,21.0,5.0,10.0,2.0,9.0,6.0,8.0,14.0,0.0,2.0,0.0,0.0,H
E0,2006-11-25,Liverpool,Man City,1,0,0.0,0.0,D,12.0,6.0,6.0,2.0,8.0,2.0,9.0,20.0,2.0,1.0,0.0,0.0,H
E0,2006-11-29,Liverpool,Portsmouth,0,0,0.0,0.0,D,15.0,3.0,4.0,1.0,5.0,1.0,13.0,13.0,1.0,3.0,0.0,0.0,D
E0,2006-09-12,Liverpool,Fulham,4,0,0.0,0.0,D,32.0,5.0,19.0,3.0,14.0,1.0,7.0,8.0,1.0,1.0,0.0,0.0,H
E0,2006-12-23,Liverpool,Watford,2,0,0.0,0.0,D,15.0,7.0,10.0,4.0,7.0,6.0,10.0,17.0,0.0,0.0,0.0,0.0,H
E0,2007-01-01,Liverpool,Bolton,3,0,0.0,0.0,D,19.0,1.0,9.0,0.0,8.0,8.0,18.0,12.0,0.0,3.0,0.0,0.0,H
E0,2007-01-20,Liverpool,Chelsea,2,0,2.0,0.0,H,17.0,11.0,8.0,3.0,3.0,7.0,10.0,17.0,0.0,1.0,0.0,0.0,H
E0,2007-03-02,Liverpool,Everton,0,0,0.0,0.0,D,25.0,6.0,10.0,4.0,6.0,4.0,13.0,18.0,0.0,3.0,0.0,0.0,D
E0,2007-02-24,Liverpool,Sheffield United,4,0,2.0,0.0,H,8.0,6.0,4.0,2.0,5.0,1.0,12.0,9.0,0.0,2.0,0.0,0.0,H
E0,2007-03-03,Liverpool,Man United,0,1,0.0,0.0,D,15.0,5.0,8.0,3.0,12.0,2.0,11.0,12.0,2.0,2.0,0.0,1.0,A
E0,2007-03-31,Liverpool,Arsenal,4,1,2.0,0.0,H,12.0,11.0,7.0,3.0,2.0,7.0,17.0,8.0,1.0,3.0,0.0,0.0,H
E0,2007-04-18,Liverpool,Middlesbrough,2,0,0.0,0.0,D,18.0,5.0,7.0,2.0,8.0,2.0,8.0,13.0,0.0,1.0,0.0,0.0,H
E0,2007-04-21,Liverpool,Wigan,2,0,1.0,0.0,H,23.0,4.0,12.0,3.0,12.0,3.0,10.0,10.0,2.0,2.0,0.0,0.0,H
E0,2007-05-13,Liverpool,Charlton,2,2,0.0,1.0,A,22.0,8.0,7.0,4.0,9.0,2.0,5.0,12.0,0.0,0.0,0.0,0.0,D
E0,2007-08-19,Liverpool,Chelsea,1,1,1.0,0.0,H,18.0,6.0,8.0,2.0,5.0,2.0,11.0,16.0,4.0,5.0,0.0,0.0,D
E0,2007-01-09,Liverpool,Derby,6,0,2.0,0.0,H,20.0,8.0,10.0,3.0,4.0,2.0,10.0,14.0,0.0,1.0,0.0,0.0,H
E0,2007-09-22,Liverpool,Birmingham,0,0,0.0,0.0,D,18.0,5.0,4.0,2.0,11.0,2.0,3.0,10.0,0.0,2.0,0.0,0.0,D
E0,2007-07-10,Liverpool,Tottenham,2,2,1.0,1.0,D,21.0,11.0,9.0,6.0,5.0,3.0,18.0,10.0,0.0,1.0,0.0,0.0,D
E0,2007-10-28,Liverpool,Arsenal,1,1,1.0,0.0,H,11.0,11.0,8.0,4.0,4.0,1.0,16.0,10.0,3.0,3.0,0.0,0.0,D
E0,2007-10-11,Liverpool,Fulham,2,0,0.0,0.0,D,20.0,5.0,12.0,3.0,8.0,2.0,9.0,12.0,0.0,2.0,0.0,0.0,H
E0,2007-02-12,Liverpool,Bolton,4,0,2.0,0.0,H,23.0,6.0,14.0,3.0,5.0,5.0,11.0,14.0,0.0,3.0,0.0,0.0,H
E0,2007-12-16,Liverpool,Man United,0,1,0.0,1.0,A,19.0,5.0,6.0,3.0,3.0,3.0,14.0,13.0,2.0,3.0,0.0,0.0,A
E0,2007-12-22,Liverpool,Portsmouth,4,1,2.0,0.0,H,14.0,9.0,7.0,3.0,3.0,1.0,13.0,11.0,1.0,2.0,0.0,0.0,H
E0,2008-02-01,Liverpool,Wigan,1,1,0.0,0.0,D,15.0,6.0,11.0,1.0,4.0,1.0,13.0,16.0,2.0,1.0,0.0,0.0,D
E0,2008-01-21,Liverpool,Aston Villa,2,2,1.0,0.0,H,17.0,4.0,7.0,3.0,8.0,2.0,11.0,15.0,2.0,2.0,0.0,0.0,D
E0,2008-02-02,Liverpool,Sunderland,3,0,0.0,0.0,D,14.0,6.0,11.0,3.0,4.0,1.0,8.0,10.0,1.0,2.0,0.0,0.0,H
E0,2008-02-23,Liverpool,Middlesbrough,3,2,2.0,1.0,H,13.0,6.0,8.0,3.0,6.0,2.0,8.0,11.0,2.0,5.0,0.0,1.0,H
E0,2008-05-03,Liverpool,West Ham,4,0,1.0,0.0,H,20.0,2.0,11.0,2.0,16.0,3.0,9.0,15.0,0.0,3.0,0.0,0.0,H
E0,2008-08-03,Liverpool,Newcastle,3,0,2.0,0.0,H,15.0,6.0,13.0,4.0,12.0,8.0,8.0,7.0,1.0,0.0,0.0,0.0,H
E0,2008-03-15,Liverpool,Reading,2,1,1.0,1.0,D,19.0,7.0,8.0,3.0,7.0,2.0,7.0,22.0,0.0,5.0,0.0,0.0,H
E0,2008-03-30,Liverpool,Everton,1,0,1.0,0.0,H,15.0,3.0,9.0,2.0,11.0,4.0,13.0,14.0,1.0,4.0,0.0,0.0,H
E0,2008-04-13,Liverpool,Blackburn,3,1,0.0,0.0,D,17.0,7.0,9.0,3.0,5.0,1.0,12.0,10.0,1.0,0.0,0.0,0.0,H
E0,2008-04-05,Liverpool,Man City,1,0,0.0,0.0,D,23.0,4.0,10.0,3.0,12.0,5.0,9.0,5.0,0.0,0.0,0.0,0.0,H
E0,2008-08-23,Liverpool,Middlesbrough,2,1,0.0,0.0,D,16.0,9.0,8.0,4.0,14.0,3.0,10.0,12.0,2.0,1.0,0.0,0.0,H
E0,2008-09-13,Liverpool,Man United,2,1,1.0,1.0,D,16.0,7.0,11.0,3.0,5.0,4.0,10.0,18.0,0.0,3.0,0.0,1.0,H
E0,2008-09-20,Liverpool,Stoke,0,0,0.0,0.0,D,27.0,3.0,11.0,2.0,20.0,3.0,8.0,10.0,1.0,1.0,0.0,0.0,D
E0,2008-10-18,Liverpool,Wigan,3,2,1.0,2.0,A,17.0,7.0,7.0,4.0,5.0,2.0,10.0,13.0,1.0,1.0,0.0,1.0,H
E0,2008-10-29,Liverpool,Portsmouth,1,0,0.0,0.0,D,21.0,4.0,10.0,1.0,7.0,1.0,13.0,12.0,0.0,3.0,0.0,0.0,H
E0,2008-08-11,Liverpool,West Brom,3,0,2.0,0.0,H,11.0,4.0,10.0,2.0,3.0,7.0,10.0,8.0,2.0,1.0,0.0,0.0,H
E0,2008-11-22,Liverpool,Fulham,0,0,0.0,0.0,D,18.0,6.0,7.0,6.0,9.0,3.0,7.0,6.0,0.0,0.0,0.0,0.0,D
E0,2008-01-12,Liverpool,West Ham,0,0,0.0,0.0,D,21.0,7.0,8.0,3.0,17.0,5.0,5.0,7.0,1.0,1.0,0.0,0.0,D
E0,2008-12-13,Liverpool,Hull,2,2,2.0,2.0,D,22.0,9.0,10.0,3.0,8.0,4.0,12.0,8.0,3.0,3.0,0.0,0.0,D
E0,2008-12-26,Liverpool,Bolton,3,0,1.0,0.0,H,18.0,4.0,8.0,2.0,16.0,3.0,7.0,12.0,1.0,3.0,0.0,0.0,H
E0,2009-01-19,Liverpool,Everton,1,1,0.0,0.0,D,9.0,7.0,5.0,6.0,4.0,4.0,19.0,15.0,0.0,2.0,0.0,0.0,D
E0,2009-01-02,Liverpool,Chelsea,2,0,0.0,0.0,D,21.0,4.0,15.0,1.0,12.0,1.0,20.0,15.0,4.0,3.0,0.0,1.0,H
E0,2009-02-22,Liverpool,Man City,1,1,0.0,0.0,D,18.0,10.0,5.0,4.0,6.0,4.0,10.0,13.0,1.0,2.0,0.0,0.0,D
E0,2009-03-03,Liverpool,Sunderland,2,0,0.0,0.0,D,22.0,5.0,12.0,2.0,6.0,2.0,9.0,6.0,1.0,1.0,0.0,0.0,H
E0,2009-03-22,Liverpool,Aston Villa,5,0,3.0,0.0,H,14.0,6.0,7.0,4.0,4.0,6.0,10.0,13.0,1.0,3.0,0.0,1.0,H
E0,2009-11-04,Liverpool,Blackburn,4,0,2.0,0.0,H,22.0,7.0,12.0,5.0,7.0,2.0,6.0,13.0,2.0,1.0,0.0,0.0,H
E0,2009-04-21,Liverpool,Arsenal,4,4,0.0,1.0,A,22.0,8.0,15.0,4.0,12.0,0.0,10.0,12.0,0.0,1.0,0.0,0.0,D
E0,2009-03-05,Liverpool,Newcastle,3,0,2.0,0.0,H,25.0,3.0,11.0,3.0,7.0,1.0,6.0,8.0,0.0,2.0,0.0,1.0,H
E0,2009-05-24,Liverpool,Tottenham,3,1,1.0,0.0,H,20.0,8.0,9.0,4.0,9.0,2.0,14.0,4.0,0.0,1.0,0.0,0.0,H
E0,2009-08-19,Liverpool,Stoke,4,0,2.0,0.0,H,18.0,6.0,13.0,3.0,11.0,5.0,10.0,9.0,0.0,1.0,0.0,0.0,H
E0,2009-08-24,Liverpool,Aston Villa,1,3,0.0,2.0,A,21.0,7.0,12.0,4.0,10.0,4.0,15.0,11.0,3.0,2.0,0.0,0.0,A
E0,2009-12-09,Liverpool,Burnley,4,0,2.0,0.0,H,27.0,6.0,16.0,3.0,7.0,5.0,8.0,10.0,0.0,2.0,0.0,0.0,H
E0,2009-09-26,Liverpool,Hull,6,1,2.0,1.0,H,22.0,7.0,14.0,3.0,13.0,2.0,10.0,3.0,1.0,4.0,0.0,0.0,H
E0,2009-10-25,Liverpool,Man United,2,0,0.0,0.0,D,11.0,7.0,6.0,5.0,5.0,1.0,20.0,11.0,2.0,3.0,1.0,1.0,H
E0,2009-09-11,Liverpool,Birmingham,2,2,1.0,2.0,A,27.0,5.0,14.0,2.0,11.0,1.0,7.0,9.0,1.0,2.0,0.0,0.0,D
E0,2009-11-21,Liverpool,Man City,2,2,0.0,0.0,D,10.0,9.0,6.0,6.0,7.0,3.0,9.0,13.0,2.0,0.0,0.0,0.0,D
E0,2009-12-13,Liverpool,Arsenal,1,2,1.0,0.0,H,6.0,7.0,3.0,5.0,3.0,4.0,19.0,16.0,3.0,3.0,0.0,0.0,A
E0,2009-12-16,Liverpool,Wigan,2,1,1.0,0.0,H,12.0,8.0,7.0,5.0,13.0,0.0,12.0,11.0,1.0,1.0,0.0,0.0,H
E0,2009-12-26,Liverpool,Wolves,2,0,0.0,0.0,D,14.0,6.0,10.0,2.0,7.0,1.0,9.0,10.0,0.0,1.0,0.0,1.0,H
E0,2010-01-20,Liverpool,Tottenham,2,0,1.0,0.0,H,13.0,7.0,5.0,5.0,2.0,3.0,11.0,17.0,2.0,3.0,0.0,0.0,H
E0,2010-01-30,Liverpool,Bolton,2,0,1.0,0.0,H,13.0,4.0,6.0,1.0,11.0,3.0,12.0,10.0,1.0,3.0,0.0,0.0,H
E0,2010-06-02,Liverpool,Everton,1,0,0.0,0.0,D,9.0,6.0,4.0,3.0,8.0,8.0,11.0,23.0,3.0,3.0,1.0,1.0,H
E0,2010-02-28,Liverpool,Blackburn,2,1,2.0,1.0,H,12.0,12.0,6.0,7.0,4.0,5.0,10.0,22.0,1.0,5.0,0.0,0.0,H
E0,2010-03-15,Liverpool,Portsmouth,4,1,3.0,0.0,H,23.0,7.0,12.0,3.0,8.0,4.0,10.0,15.0,0.0,2.0,0.0,0.0,H
E0,2010-03-28,Liverpool,Sunderland,3,0,2.0,0.0,H,25.0,7.0,16.0,2.0,9.0,2.0,11.0,9.0,0.0,1.0,0.0,0.0,H
E0,2010-11-04,Liverpool,Fulham,0,0,0.0,0.0,D,18.0,2.0,9.0,2.0,10.0,1.0,6.0,16.0,1.0,3.0,0.0,0.0,D
E0,2010-04-19,Liverpool,West Ham,3,0,2.0,0.0,H,17.0,6.0,8.0,2.0,9.0,2.0,8.0,12.0,0.0,2.0,0.0,0.0,H
E0,2010-02-05,Liverpool,Chelsea,0,2,0.0,1.0,A,7.0,15.0,2.0,11.0,9.0,5.0,7.0,7.0,1.0,2.0,0.0,0.0,A
E0,2010-08-15,Liverpool,Arsenal,1,1,0.0,0.0,D,7.0,14.0,4.0,7.0,9.0,11.0,13.0,15.0,1.0,3.0,1.0,1.0,D
E0,2010-08-29,Liverpool,West Brom,1,0,0.0,0.0,D,11.0,14.0,7.0,5.0,7.0,6.0,9.0,8.0,0.0,0.0,0.0,1.0,H
E0,2010-09-25,Liverpool,Sunderland,2,2,1.0,1.0,D,13.0,10.0,5.0,1.0,3.0,3.0,15.0,7.0,3.0,1.0,0.0,0.0,D
E0,2010-03-10,Liverpool,Blackpool,1,2,0.0,2.0,A,19.0,11.0,10.0,7.0,5.0,2.0,11.0,10.0,2.0,1.0,0.0,0.0,A
E0,2010-10-24,Liverpool,Blackburn,2,1,0.0,0.0,D,17.0,4.0,10.0,2.0,15.0,4.0,17.0,12.0,2.0,3.0,0.0,0.0,H
E0,2010-07-11,Liverpool,Chelsea,2,0,2.0,0.0,H,9.0,11.0,7.0,7.0,2.0,5.0,15.0,17.0,0.0,2.0,0.0,0.0,H
E0,2010-11-20,Liverpool,West Ham,3,0,3.0,0.0,H,19.0,6.0,11.0,1.0,10.0,2.0,8.0,8.0,0.0,1.0,0.0,0.0,H
E0,2010-06-12,Liverpool,Aston Villa,3,0,2.0,0.0,H,12.0,5.0,7.0,2.0,4.0,3.0,12.0,13.0,0.0,1.0,0.0,0.0,H
E0,2010-12-29,Liverpool,Wolves,0,1,0.0,0.0,D,9.0,7.0,5.0,3.0,2.0,8.0,8.0,11.0,1.0,1.0,0.0,0.0,A
E0,2011-01-01,Liverpool,Bolton,2,1,0.0,1.0,A,16.0,10.0,7.0,4.0,7.0,4.0,11.0,16.0,2.0,2.0,0.0,0.0,H
E0,2011-01-16,Liverpool,Everton,2,2,1.0,0.0,H,19.0,10.0,14.0,5.0,10.0,6.0,16.0,17.0,3.0,0.0,0.0,0.0,D
E0,2011-01-26,Liverpool,Fulham,1,0,0.0,0.0,D,11.0,12.0,7.0,8.0,6.0,2.0,11.0,10.0,0.0,0.0,0.0,0.0,H
E0,2011-02-02,Liverpool,Stoke,2,0,0.0,0.0,D,13.0,6.0,9.0,1.0,7.0,0.0,6.0,8.0,1.0,4.0,0.0,0.0,H
E0,2011-12-02,Liverpool,Wigan,1,1,1.0,0.0,H,13.0,8.0,5.0,2.0,8.0,5.0,11.0,17.0,1.0,3.0,0.0,0.0,D
E0,2011-06-03,Liverpool,Man United,3,1,2.0,0.0,H,17.0,12.0,10.0,7.0,6.0,4.0,12.0,12.0,2.0,3.0,0.0,0.0,H
E0,2011-11-04,Liverpool,Man City,3,0,3.0,0.0,H,15.0,13.0,7.0,4.0,6.0,2.0,6.0,3.0,1.0,0.0,0.0,0.0,H
E0,2011-04-23,Liverpool,Birmingham,5,0,2.0,0.0,H,17.0,10.0,13.0,6.0,5.0,2.0,7.0,12.0,1.0,0.0,0.0,0.0,H
E0,2011-01-05,Liverpool,Newcastle,3,0,1.0,0.0,H,9.0,7.0,5.0,3.0,3.0,12.0,15.0,10.0,1.0,2.0,0.0,0.0,H
E0,2011-05-15,Liverpool,Tottenham,0,2,0.0,1.0,A,10.0,8.0,2.0,4.0,11.0,5.0,13.0,7.0,2.0,1.0,0.0,0.0,A
E0,2011-08-13,Liverpool,Sunderland,1,1,1.0,0.0,H,11.0,15.0,4.0,6.0,6.0,3.0,17.0,12.0,4.0,4.0,0.0,0.0,D
E0,2011-08-27,Liverpool,Bolton,3,1,1.0,0.0,H,17.0,7.0,9.0,4.0,12.0,6.0,5.0,7.0,0.0,2.0,0.0,0.0,H
E0,2011-09-24,Liverpool,Wolves,2,1,2.0,0.0,H,14.0,11.0,6.0,6.0,7.0,2.0,15.0,6.0,3.0,4.0,0.0,0.0,H
E0,2011-10-15,Liverpool,Man United,1,1,0.0,0.0,D,14.0,10.0,8.0,3.0,8.0,3.0,8.0,11.0,1.0,3.0,0.0,0.0,D
E0,2011-10-22,Liverpool,Norwich,1,1,1.0,0.0,H,25.0,12.0,15.0,10.0,10.0,3.0,6.0,8.0,0.0,1.0,0.0,0.0,D
E0,2011-05-11,Liverpool,Swansea,0,0,0.0,0.0,D,18.0,9.0,10.0,3.0,11.0,4.0,13.0,5.0,2.0,1.0,0.0,0.0,D
E0,2011-11-27,Liverpool,Man City,1,1,1.0,1.0,D,17.0,7.0,9.0,3.0,8.0,5.0,11.0,13.0,1.0,4.0,0.0,1.0,D
E0,2011-10-12,Liverpool,QPR,1,0,0.0,0.0,D,21.0,6.0,15.0,2.0,17.0,5.0,12.0,5.0,2.0,0.0,0.0,0.0,H
E0,2011-12-26,Liverpool,Blackburn,1,1,0.0,1.0,A,28.0,5.0,13.0,2.0,9.0,2.0,5.0,15.0,1.0,0.0,0.0,0.0,D
E0,2011-12-30,Liverpool,Newcastle,3,1,1.0,1.0,D,15.0,5.0,7.0,2.0,7.0,0.0,7.0,11.0,0.0,2.0,0.0,0.0,H
E0,2012-01-14,Liverpool,Stoke,0,0,0.0,0.0,D,13.0,3.0,5.0,1.0,11.0,1.0,6.0,11.0,0.0,3.0,0.0,0.0,D
E0,2012-06-02,Liverpool,Tottenham,0,0,0.0,0.0,D,15.0,9.0,10.0,6.0,7.0,4.0,6.0,11.0,2.0,2.0,0.0,0.0,D
E0,2012-03-03,Liverpool,Arsenal,1,2,1.0,1.0,D,12.0,10.0,4.0,7.0,12.0,0.0,11.0,9.0,0.0,1.0,0.0,0.0,A
E0,2012-03-13,Liverpool,Everton,3,0,1.0,0.0,H,15.0,5.0,10.0,3.0,4.0,4.0,6.0,7.0,1.0,4.0,0.0,0.0,H
E0,2012-03-24,Liverpool,Wigan,1,2,0.0,1.0,A,12.0,6.0,9.0,5.0,6.0,0.0,14.0,10.0,1.0,2.0,0.0,0.0,A
E0,2012-07-04,Liverpool,Aston Villa,1,1,0.0,1.0,A,21.0,5.0,5.0,3.0,11.0,3.0,4.0,9.0,1.0,1.0,0.0,0.0,D
E0,2012-04-22,Liverpool,West Brom,0,1,0.0,0.0,D,28.0,9.0,12.0,4.0,15.0,3.0,10.0,8.0,2.0,0.0,0.0,0.0,A
E0,2012-01-05,Liverpool,Fulham,0,1,0.0,1.0,A,18.0,7.0,5.0,4.0,5.0,4.0,11.0,7.0,0.0,0.0,0.0,0.0,A
E0,2012-08-05,Liverpool,Chelsea,4,1,3.0,0.0,H,23.0,9.0,13.0,5.0,7.0,4.0,15.0,13.0,2.0,4.0,0.0,0.0,H
E0,2012-08-26,Liverpool,Man City,2,2,1.0,0.0,H,15.0,11.0,8.0,5.0,4.0,4.0,10.0,7.0,1.0,0.0,0.0,0.0,D
E0,2012-02-09,Liverpool,Arsenal,0,2,0.0,1.0,A,17.0,11.0,8.0,7.0,10.0,2.0,12.0,7.0,2.0,2.0,0.0,0.0,A
E0,2012-09-23,Liverpool,Man United,1,2,0.0,0.0,D,13.0,8.0,8.0,4.0,7.0,3.0,14.0,7.0,1.0,2.0,1.0,0.0,A
E0,2012-07-10,Liverpool,Stoke,0,0,0.0,0.0,D,16.0,5.0,5.0,3.0,5.0,5.0,9.0,16.0,0.0,6.0,0.0,0.0,D
E0,2012-10-20,Liverpool,Reading,1,0,1.0,0.0,H,23.0,8.0,13.0,5.0,6.0,5.0,13.0,6.0,1.0,1.0,0.0,0.0,H
E0,2012-04-11,Liverpool,Newcastle,1,1,0.0,1.0,A,20.0,10.0,12.0,3.0,14.0,3.0,10.0,13.0,0.0,1.0,0.0,1.0,D
E0,2012-11-17,Liverpool,Wigan,3,0,0.0,0.0,D,22.0,9.0,11.0,3.0,10.0,5.0,9.0,11.0,0.0,3.0,0.0,0.0,H
E0,2012-01-12,Liverpool,Southampton,1,0,1.0,0.0,H,24.0,8.0,11.0,4.0,10.0,4.0,10.0,8.0,2.0,0.0,0.0,0.0,H
E0,2012-12-15,Liverpool,Aston Villa,1,3,0.0,2.0,A,26.0,9.0,17.0,6.0,7.0,2.0,4.0,11.0,1.0,2.0,0.0,0.0,A
E0,2012-12-22,Liverpool,Fulham,4,0,2.0,0.0,H,22.0,7.0,12.0,6.0,8.0,2.0,13.0,6.0,1.0,2.0,0.0,0.0,H
E0,2013-02-01,Liverpool,Sunderland,3,0,2.0,0.0,H,27.0,6.0,16.0,5.0,9.0,5.0,8.0,5.0,0.0,1.0,0.0,0.0,H
E0,2013-01-19,Liverpool,Norwich,5,0,2.0,0.0,H,17.0,5.0,10.0,3.0,10.0,4.0,10.0,8.0,1.0,1.0,0.0,0.0,H
E0,2013-11-02,Liverpool,West Brom,0,2,0.0,0.0,D,23.0,4.0,14.0,3.0,13.0,5.0,9.0,9.0,1.0,4.0,0.0,0.0,A
E0,2013-02-17,Liverpool,Swansea,5,0,1.0,0.0,H,33.0,4.0,18.0,3.0,10.0,1.0,6.0,9.0,0.0,1.0,0.0,0.0,H
E0,2013-10-03,Liverpool,Tottenham,3,2,1.0,1.0,D,10.0,15.0,4.0,9.0,1.0,4.0,9.0,8.0,1.0,1.0,0.0,0.0,H
E0,2013-07-04,Liverpool,West Ham,0,0,0.0,0.0,D,19.0,10.0,12.0,4.0,12.0,2.0,8.0,4.0,0.0,1.0,0.0,0.0,D
E0,2013-04-21,Liverpool,Chelsea,2,2,0.0,1.0,A,23.0,9.0,12.0,6.0,8.0,5.0,8.0,11.0,5.0,2.0,0.0,0.0,D
E0,2013-05-05,Liverpool,Everton,0,0,0.0,0.0,D,16.0,11.0,8.0,4.0,3.0,5.0,10.0,10.0,1.0,2.0,0.0,0.0,D
E0,2013-05-19,Liverpool,QPR,1,0,1.0,0.0,H,27.0,10.0,20.0,3.0,14.0,0.0,7.0,3.0,1.0,3.0,0.0,0.0,H
E0,2013-08-17,Liverpool,Stoke,1,0,1.0,0.0,H,26.0,10.0,11.0,4.0,12.0,6.0,11.0,11.0,1.0,1.0,0.0,0.0,H
E0,2013-01-09,Liverpool,Man United,1,0,1.0,0.0,H,10.0,10.0,5.0,4.0,2.0,7.0,15.0,15.0,2.0,4.0,0.0,0.0,H
E0,2013-09-21,Liverpool,Southampton,0,1,0.0,0.0,D,10.0,12.0,5.0,7.0,6.0,6.0,6.0,9.0,0.0,1.0,0.0,0.0,A
E0,2013-05-10,Liverpool,Crystal Palace,3,1,3.0,0.0,H,13.0,11.0,7.0,2.0,11.0,3.0,11.0,6.0,2.0,1.0,0.0,0.0,H
E0,2013-10-26,Liverpool,West Brom,4,1,2.0,0.0,H,18.0,15.0,7.0,3.0,3.0,9.0,14.0,11.0,0.0,2.0,0.0,0.0,H
E0,2013-09-11,Liverpool,Fulham,4,0,3.0,0.0,H,32.0,4.0,10.0,1.0,9.0,3.0,13.0,9.0,0.0,1.0,0.0,0.0,H
E0,2013-04-12,Liverpool,Norwich,5,1,3.0,0.0,H,28.0,14.0,12.0,5.0,4.0,0.0,10.0,6.0,3.0,1.0,0.0,0.0,H
E0,2013-07-12,Liverpool,West Ham,4,1,1.0,0.0,H,32.0,8.0,9.0,1.0,8.0,4.0,9.0,12.0,0.0,3.0,0.0,1.0,H
E0,2013-12-21,Liverpool,Cardiff,3,1,3.0,0.0,H,27.0,10.0,7.0,3.0,9.0,5.0,11.0,13.0,2.0,0.0,0.0,0.0,H
E0,2014-01-01,Liverpool,Hull,2,0,1.0,0.0,H,17.0,10.0,6.0,0.0,3.0,4.0,15.0,15.0,1.0,2.0,0.0,0.0,H
E0,2014-01-18,Liverpool,Aston Villa,2,2,1.0,2.0,A,14.0,12.0,6.0,3.0,2.0,3.0,14.0,18.0,1.0,4.0,0.0,0.0,D
E0,2014-01-28,Liverpool,Everton,4,0,3.0,0.0,H,20.0,18.0,9.0,4.0,5.0,8.0,11.0,13.0,0.0,3.0,0.0,0.0,H
E0,2014-08-02,Liverpool,Arsenal,5,1,4.0,0.0,H,22.0,11.0,12.0,6.0,6.0,6.0,14.0,14.0,1.0,2.0,0.0,0.0,H
E0,2014-02-23,Liverpool,Swansea,4,3,3.0,2.0,H,21.0,14.0,10.0,5.0,3.0,5.0,9.0,11.0,1.0,0.0,0.0,0.0,H
E0,2014-03-26,Liverpool,Sunderland,2,1,1.0,0.0,H,21.0,12.0,7.0,4.0,3.0,4.0,5.0,15.0,0.0,2.0,0.0,0.0,H
E0,2014-03-30,Liverpool,Tottenham,4,0,2.0,0.0,H,11.0,15.0,5.0,4.0,5.0,7.0,9.0,9.0,0.0,2.0,0.0,0.0,H
E0,2014-04-13,Liverpool,Man City,3,2,2.0,0.0,H,10.0,13.0,4.0,5.0,7.0,7.0,7.0,9.0,1.0,3.0,1.0,0.0,H
E0,2014-04-27,Liverpool,Chelsea,0,2,0.0,1.0,A,26.0,11.0,8.0,4.0,14.0,3.0,9.0,7.0,0.0,4.0,0.0,0.0,A
E0,2014-11-05,Liverpool,Newcastle,2,1,0.0,1.0,A,13.0,8.0,5.0,2.0,6.0,2.0,8.0,16.0,1.0,3.0,0.0,2.0,H
E0,2014-08-17,Liverpool,Southampton,2,1,1.0,0.0,H,12.0,12.0,5.0,6.0,2.0,6.0,8.0,11.0,1.0,2.0,0.0,0.0,H
E0,2014-09-13,Liverpool,Aston Villa,0,1,0.0,1.0,A,18.0,5.0,1.0,1.0,7.0,6.0,9.0,10.0,2.0,1.0,0.0,0.0,A
E0,2014-09-27,Liverpool,Everton,1,1,0.0,0.0,D,24.0,11.0,8.0,5.0,8.0,2.0,8.0,9.0,2.0,1.0,0.0,0.0,D
E0,2014-04-10,Liverpool,West Brom,2,1,1.0,0.0,H,19.0,8.0,7.0,4.0,5.0,5.0,12.0,15.0,2.0,2.0,0.0,0.0,H
E0,2014-10-25,Liverpool,Hull,0,0,0.0,0.0,D,17.0,6.0,4.0,3.0,14.0,1.0,12.0,17.0,3.0,2.0,0.0,0.0,D
E0,2014-08-11,Liverpool,Chelsea,1,2,1.0,1.0,D,12.0,15.0,4.0,5.0,5.0,7.0,9.0,12.0,2.0,5.0,0.0,0.0,A
E0,2014-11-29,Liverpool,Stoke,1,0,0.0,0.0,D,16.0,13.0,3.0,4.0,5.0,5.0,11.0,9.0,0.0,3.0,0.0,0.0,H
E0,2014-06-12,Liverpool,Sunderland,0,0,0.0,0.0,D,15.0,7.0,2.0,1.0,5.0,7.0,12.0,15.0,1.0,3.0,0.0,0.0,D
E0,2014-12-21,Liverpool,Arsenal,2,2,1.0,1.0,D,27.0,7.0,10.0,3.0,10.0,6.0,6.0,14.0,0.0,3.0,1.0,0.0,D
E0,2014-12-29,Liverpool,Swansea,4,1,1.0,0.0,H,21.0,11.0,11.0,4.0,6.0,3.0,8.0,5.0,1.0,0.0,0.0,0.0,H
E0,2015-01-01,Liverpool,Leicester,2,2,2.0,0.0,H,18.0,16.0,6.0,3.0,4.0,5.0,13.0,10.0,2.0,2.0,0.0,0.0,D
E0,2015-01-31,Liverpool,West Ham,2,0,0.0,0.0,D,21.0,7.0,7.0,2.0,5.0,7.0,12.0,12.0,1.0,1.0,0.0,0.0,H
E0,2015-10-02,Liverpool,Tottenham,3,2,1.0,1.0,D,16.0,14.0,7.0,5.0,5.0,7.0,13.0,17.0,3.0,6.0,0.0,0.0,H
E0,2015-01-03,Liverpool,Man City,2,1,1.0,1.0,D,11.0,8.0,5.0,1.0,3.0,0.0,8.0,16.0,1.0,3.0,0.0,0.0,H
E0,2015-04-03,Liverpool,Burnley,2,0,1.0,0.0,H,20.0,9.0,8.0,1.0,6.0,5.0,8.0,14.0,0.0,1.0,0.0,0.0,H
E0,2015-03-22,Liverpool,Man United,1,2,0.0,1.0,A,7.0,6.0,1.0,4.0,2.0,3.0,14.0,17.0,2.0,2.0,1.0,0.0,A
E0,2015-04-13,Liverpool,Newcastle,2,0,1.0,0.0,H,14.0,10.0,6.0,3.0,6.0,6.0,8.0,17.0,2.0,0.0,0.0,1.0,H
E0,2015-02-05,Liverpool,QPR,2,1,1.0,0.0,H,25.0,10.0,8.0,2.0,9.0,6.0,9.0,18.0,2.0,3.0,0.0,1.0,H
E0,2015-05-16,Liverpool,Crystal Palace,1,3,1.0,1.0,D,18.0,15.0,3.0,6.0,4.0,5.0,10.0,17.0,2.0,3.0,0.0,0.0,A
E0,2015-08-17,Liverpool,Bournemouth,1,0,1.0,0.0,H,18.0,13.0,2.0,2.0,6.0,8.0,11.0,18.0,1.0,4.0,0.0,0.0,H
E0,2015-08-29,Liverpool,West Ham,0,3,0.0,2.0,A,13.0,12.0,1.0,5.0,5.0,7.0,17.0,11.0,3.0,1.0,1.0,1.0,A
E0,2015-09-20,Liverpool,Norwich,1,1,0.0,0.0,D,23.0,7.0,7.0,2.0,6.0,2.0,4.0,13.0,1.0,2.0,0.0,0.0,D
E0,2015-09-26,Liverpool,Aston Villa,3,2,1.0,0.0,H,21.0,10.0,12.0,4.0,11.0,1.0,8.0,13.0,0.0,0.0,0.0,0.0,H
E0,2015-10-25,Liverpool,Southampton,1,1,0.0,0.0,D,15.0,8.0,2.0,3.0,10.0,7.0,8.0,11.0,1.0,0.0,0.0,1.0,D
E0,2015-08-11,Liverpool,Crystal Palace,1,2,1.0,1.0,D,22.0,9.0,4.0,4.0,14.0,6.0,7.0,6.0,1.0,2.0,0.0,0.0,A
E0,2015-11-29,Liverpool,Swansea,1,0,0.0,0.0,D,10.0,8.0,2.0,0.0,8.0,7.0,12.0,6.0,3.0,1.0,0.0,0.0,H
E0,2015-12-13,Liverpool,West Brom,2,2,1.0,1.0,D,28.0,4.0,8.0,2.0,4.0,4.0,7.0,10.0,0.0,0.0,0.0,0.0,D
E0,2015-12-26,Liverpool,Leicester,1,0,0.0,0.0,D,25.0,7.0,4.0,3.0,7.0,6.0,11.0,8.0,2.0,1.0,0.0,0.0,H
E0,2016-01-13,Liverpool,Arsenal,3,3,2.0,2.0,D,22.0,14.0,6.0,5.0,9.0,3.0,9.0,7.0,2.0,0.0,0.0,0.0,D
E0,2016-01-17,Liverpool,Man United,0,1,0.0,0.0,D,19.0,7.0,4.0,1.0,5.0,4.0,6.0,18.0,0.0,2.0,0.0,0.0,A
E0,2016-06-02,Liverpool,Sunderland,2,2,0.0,0.0,D,16.0,7.0,5.0,2.0,7.0,2.0,4.0,12.0,1.0,1.0,0.0,0.0,D
E0,2016-02-03,Liverpool,Man City,3,0,2.0,0.0,H,11.0,4.0,7.0,2.0,3.0,2.0,14.0,14.0,0.0,1.0,0.0,0.0,H
E0,2016-02-04,Liverpool,Tottenham,1,1,0.0,0.0,D,15.0,18.0,7.0,5.0,12.0,9.0,11.0,11.0,2.0,0.0,0.0,0.0,D
E0,2016-10-04,Liverpool,Stoke,4,1,2.0,1.0,H,14.0,10.0,6.0,3.0,6.0,3.0,14.0,14.0,0.0,2.0,0.0,0.0,H
E0,2016-04-20,Liverpool,Everton,4,0,2.0,0.0,H,37.0,3.0,13.0,0.0,9.0,1.0,8.0,11.0,1.0,1.0,0.0,1.0,H
E0,2016-04-23,Liverpool,Newcastle,2,2,2.0,0.0,H,13.0,6.0,4.0,3.0,5.0,4.0,8.0,17.0,1.0,1.0,0.0,0.0,D
E0,2016-08-05,Liverpool,Watford,2,0,1.0,0.0,H,19.0,14.0,5.0,3.0,8.0,8.0,10.0,15.0,1.0,2.0,0.0,0.0,H
E0,2016-11-05,Liverpool,Chelsea,1,1,0.0,1.0,A,28.0,13.0,9.0,7.0,7.0,3.0,11.0,12.0,3.0,1.0,0.0,0.0,D
E0,2016-10-09,Liverpool,Leicester,4,1,2.0,1.0,H,17.0,12.0,11.0,3.0,1.0,7.0,4.0,8.0,1.0,2.0,0.0,0.0,H
E0,2016-09-24,Liverpool,Hull,5,1,3.0,0.0,H,32.0,2.0,12.0,1.0,13.0,2.0,8.0,8.0,1.0,2.0,0.0,1.0,H
E0,2016-10-17,Liverpool,Man United,0,0,0.0,0.0,D,9.0,7.0,3.0,1.0,3.0,1.0,14.0,20.0,0.0,4.0,0.0,0.0,D
E0,2016-10-22,Liverpool,West Brom,2,1,2.0,0.0,H,21.0,6.0,7.0,1.0,3.0,2.0,9.0,13.0,1.0,3.0,0.0,0.0,H
E0,2016-06-11,Liverpool,Watford,6,1,3.0,0.0,H,28.0,11.0,17.0,8.0,6.0,3.0,14.0,10.0,1.0,2.0,0.0,0.0,H
E0,2016-11-26,Liverpool,Sunderland,2,0,0.0,0.0,D,27.0,6.0,7.0,1.0,9.0,4.0,5.0,9.0,1.0,3.0,0.0,0.0,H
E0,2016-11-12,Liverpool,West Ham,2,2,1.0,2.0,A,18.0,7.0,3.0,3.0,11.0,4.0,7.0,8.0,2.0,0.0,0.0,0.0,D
E0,2016-12-27,Liverpool,Stoke,4,1,2.0,1.0,H,20.0,6.0,6.0,2.0,8.0,2.0,9.0,6.0,0.0,1.0,0.0,0.0,H
E0,2016-12-31,Liverpool,Man City,1,0,1.0,0.0,H,5.0,9.0,1.0,2.0,4.0,6.0,12.0,12.0,2.0,1.0,0.0,0.0,H
E0,2017-01-21,Liverpool,Swansea,2,3,0.0,0.0,D,16.0,6.0,5.0,3.0,6.0,3.0,7.0,7.0,1.0,1.0,0.0,0.0,A
E0,2017-01-31,Liverpool,Chelsea,1,1,0.0,1.0,A,7.0,8.0,3.0,2.0,3.0,3.0,13.0,8.0,2.0,1.0,0.0,0.0,D
E0,2017-11-02,Liverpool,Tottenham,2,0,2.0,0.0,H,17.0,7.0,9.0,2.0,10.0,3.0,14.0,14.0,3.0,4.0,0.0,0.0,H
E0,2017-04-03,Liverpool,Arsenal,3,1,2.0,0.0,H,18.0,7.0,7.0,3.0,9.0,3.0,8.0,15.0,1.0,2.0,0.0,0.0,H
E0,2017-12-03,Liverpool,Burnley,2,1,1.0,1.0,D,10.0,11.0,3.0,1.0,11.0,1.0,12.0,16.0,2.0,2.0,0.0,0.0,H
E0,2017-01-04,Liverpool,Everton,3,1,2.0,1.0,H,10.0,9.0,6.0,4.0,2.0,3.0,17.0,10.0,1.0,3.0,0.0,0.0,H
E0,2017-05-04,Liverpool,Bournemouth,2,2,1.0,1.0,D,20.0,7.0,8.0,2.0,7.0,2.0,11.0,8.0,1.0,1.0,0.0,0.0,D
E0,2017-04-23,Liverpool,Crystal Palace,1,2,1.0,1.0,D,14.0,7.0,1.0,3.0,4.0,3.0,8.0,10.0,1.0,2.0,0.0,0.0,A
E0,2017-07-05,Liverpool,Southampton,0,0,0.0,0.0,D,17.0,4.0,8.0,0.0,3.0,6.0,9.0,4.0,1.0,3.0,0.0,0.0,D
E0,2017-05-21,Liverpool,Middlesbrough,3,0,1.0,0.0,H,25.0,9.0,10.0,3.0,3.0,3.0,13.0,8.0,0.0,1.0,0.0,0.0,H
E0,2017-08-19,Liverpool,Crystal Palace,1,0,0.0,0.0,D,23.0,4.0,13.0,1.0,4.0,2.0,12.0,13.0,1.0,3.0,0.0,0.0,H
E0,2017-08-27,Liverpool,Arsenal,4,0,2.0,0.0,H,18.0,8.0,10.0,0.0,4.0,3.0,6.0,9.0,2.0,4.0,0.0,0.0,H
E0,2017-09-16,Liverpool,Burnley,1,1,1.0,1.0,D,35.0,5.0,9.0,4.0,12.0,2.0,7.0,9.0,1.0,2.0,0.0,0.0,D
E0,2017-10-14,Liverpool,Man United,0,0,0.0,0.0,D,19.0,6.0,5.0,1.0,7.0,3.0,7.0,13.0,0.0,2.0,0.0,0.0,D
E0,2017-10-28,Liverpool,Huddersfield,3,0,0.0,0.0,D,16.0,1.0,8.0,0.0,9.0,2.0,10.0,8.0,0.0,1.0,0.0,0.0,H
E0,2017-11-18,Liverpool,Southampton,3,0,2.0,0.0,H,21.0,5.0,8.0,0.0,10.0,2.0,15.0,9.0,1.0,1.0,0.0,0.0,H
E0,2017-11-25,Liverpool,Chelsea,1,1,0.0,0.0,D,16.0,11.0,4.0,3.0,7.0,8.0,10.0,7.0,0.0,0.0,0.0,0.0,D
E0,2017-10-12,Liverpool,Everton,1,1,1.0,0.0,H,23.0,3.0,3.0,2.0,12.0,1.0,8.0,11.0,1.0,3.0,0.0,0.0,D
E0,2017-12-13,Liverpool,West Brom,0,0,0.0,0.0,D,14.0,6.0,5.0,1.0,5.0,7.0,16.0,6.0,1.0,0.0,0.0,0.0,D
E0,2017-12-26,Liverpool,Swansea,5,0,1.0,0.0,H,22.0,7.0,9.0,4.0,4.0,2.0,5.0,8.0,0.0,1.0,0.0,0.0,H
E0,2017-12-30,Liverpool,Leicester,2,1,0.0,1.0,A,17.0,7.0,6.0,1.0,7.0,1.0,7.0,3.0,3.0,2.0,0.0,0.0,H
E0,2018-01-14,Liverpool,Man City,4,3,1.0,1.0,D,16.0,11.0,7.0,4.0,5.0,6.0,10.0,7.0,2.0,3.0,0.0,0.0,H
E0,2018-04-02,Liverpool,Tottenham,2,2,1.0,0.0,H,9.0,13.0,3.0,6.0,3.0,7.0,15.0,9.0,3.0,1.0,0.0,0.0,D
E0,2018-02-24,Liverpool,West Ham,4,1,1.0,0.0,H,21.0,7.0,12.0,4.0,8.0,2.0,7.0,7.0,0.0,2.0,0.0,0.0,H
E0,2018-03-03,Liverpool,Newcastle,2,0,1.0,0.0,H,14.0,7.0,3.0,2.0,8.0,3.0,7.0,9.0,0.0,0.0,0.0,0.0,H
E0,2018-03-17,Liverpool,Watford,5,0,2.0,0.0,H,13.0,4.0,10.0,1.0,6.0,1.0,5.0,4.0,1.0,0.0,0.0,0.0,H
E0,2018-04-14,Liverpool,Bournemouth,3,0,1.0,0.0,H,20.0,6.0,7.0,1.0,7.0,5.0,9.0,9.0,1.0,1.0,0.0,0.0,H
E0,2018-04-28,Liverpool,Stoke,0,0,0.0,0.0,D,20.0,5.0,2.0,1.0,9.0,2.0,7.0,14.0,1.0,2.0,0.0,0.0,D
E0,2018-05-13,Liverpool,Brighton,4,0,2.0,0.0,H,22.0,2.0,11.0,1.0,7.0,3.0,3.0,6.0,0.0,0.0,0.0,0.0,H
E0,2018-12-08,Liverpool,West Ham,4,0,2.0,0.0,H,18.0,5.0,8.0,2.0,5.0,4.0,14.0,9.0,1.0,2.0,0.0,0.0,H
E0,2018-08-25,Liverpool,Brighton,1,0,1.0,0.0,H,22.0,6.0,8.0,2.0,8.0,5.0,8.0,14.0,1.0,1.0,0.0,0.0,H
E0,2018-09-22,Liverpool,Southampton,3,0,3.0,0.0,H,12.0,7.0,4.0,1.0,5.0,4.0,7.0,10.0,0.0,2.0,0.0,0.0,H
E0,2018-07-10,Liverpool,Man City,0,0,0.0,0.0,D,7.0,6.0,2.0,2.0,2.0,6.0,10.0,10.0,1.0,3.0,0.0,0.0,D
E0,2018-10-27,Liverpool,Cardiff,4,1,1.0,0.0,H,19.0,2.0,7.0,1.0,8.0,0.0,6.0,4.0,0.0,0.0,0.0,0.0,H
E0,2018-11-11,Liverpool,Fulham,2,0,1.0,0.0,H,20.0,8.0,7.0,3.0,6.0,3.0,11.0,9.0,1.0,1.0,0.0,0.0,H
E0,2018-02-12,Liverpool,Everton,1,0,0.0,0.0,D,16.0,9.0,3.0,3.0,8.0,1.0,12.0,7.0,3.0,2.0,0.0,0.0,H
E0,2018-12-16,Liverpool,Man United,3,1,1.0,1.0,D,36.0,6.0,11.0,2.0,13.0,2.0,6.0,14.0,0.0,2.0,0.0,0.0,H
E0,2018-12-26,Liverpool,Newcastle,4,0,1.0,0.0,H,16.0,6.0,8.0,2.0,10.0,2.0,7.0,9.0,0.0,0.0,0.0,0.0,H
E0,2018-12-29,Liverpool,Arsenal,5,1,4.0,1.0,H,15.0,8.0,10.0,2.0,5.0,3.0,8.0,13.0,1.0,2.0,0.0,0.0,H
E0,2019-01-19,Liverpool,Crystal Palace,4,3,0.0,1.0,A,19.0,9.0,9.0,3.0,8.0,3.0,6.0,8.0,0.0,1.0,1.0,0.0,H
E0,2019-01-30,Liverpool,Leicester,1,1,1.0,1.0,D,10.0,5.0,3.0,2.0,7.0,1.0,13.0,6.0,1.0,3.0,0.0,0.0,D
E0,2019-09-02,Liverpool,Bournemouth,3,0,2.0,0.0,H,20.0,12.0,9.0,2.0,8.0,5.0,14.0,6.0,2.0,2.0,0.0,0.0,H
E0,2019-02-27,Liverpool,Watford,5,0,2.0,0.0,H,19.0,5.0,10.0,3.0,6.0,4.0,5.0,7.0,0.0,2.0,0.0,0.0,H
E0,2019-10-03,Liverpool,Burnley,4,2,2.0,1.0,H,23.0,3.0,5.0,2.0,7.0,3.0,4.0,7.0,2.0,0.0,0.0,0.0,H
E0,2019-03-31,Liverpool,Tottenham,2,1,1.0,0.0,H,14.0,11.0,3.0,2.0,10.0,3.0,5.0,8.0,0.0,1.0,0.0,0.0,H
E0,2019-04-14,Liverpool,Chelsea,2,0,0.0,0.0,D,15.0,6.0,7.0,3.0,9.0,2.0,5.0,9.0,0.0,1.0,0.0,0.0,H
E0,2019-04-26,Liverpool,Huddersfield,5,0,3.0,0.0,H,21.0,5.0,7.0,1.0,4.0,4.0,5.0,14.0,0.0,0.0,0.0,0.0,H
E0,2019-12-05,Liverpool,Wolves,2,0,1.0,0.0,H,13.0,7.0,5.0,2.0,4.0,1.0,3.0,11.0,0.0,2.0,0.0,0.0,H
E0,2019-09-08,Liverpool,Norwich,4,1,4.0,0.0,H,15.0,12.0,7.0,5.0,11.0,2.0,9.0,9.0,0.0,2.0,0.0,0.0,H
E0,2019-08-24,Liverpool,Arsenal,3,1,1.0,0.0,H,25.0,9.0,5.0,3.0,6.0,4.0,8.0,5.0,1.0,1.0,0.0,0.0,H
E0,2019-09-14,Liverpool,Newcastle,3,1,2.0,1.0,H,21.0,8.0,9.0,1.0,10.0,1.0,5.0,4.0,0.0,0.0,0.0,0.0,H
E0,2019-05-10,Liverpool,Leicester,2,1,1.0,0.0,H,18.0,2.0,8.0,1.0,4.0,6.0,9.0,17.0,1.0,4.0,0.0,0.0,H
E0,2019-10-27,Liverpool,Tottenham,2,1,0.0,1.0,A,21.0,11.0,13.0,4.0,8.0,3.0,9.0,11.0,3.0,3.0,0.0,0.0,H
E0,2019-10-11,Liverpool,Man City,3,1,2.0,0.0,H,12.0,18.0,5.0,3.0,4.0,13.0,10.0,5.0,0.0,2.0,0.0,0.0,H
E0,2019-11-30,Liverpool,Brighton,2,1,2.0,0.0,H,15.0,12.0,7.0,5.0,4.0,5.0,3.0,10.0,0.0,0.0,1.0,0.0,H
E0,2019-04-12,Liverpool,Everton,5,2,4.0,2.0,H,11.0,12.0,5.0,4.0,5.0,6.0,13.0,17.0,1.0,2.0,0.0,0.0,H
E0,2019-12-14,Liverpool,Watford,2,0,1.0,0.0,H,16.0,8.0,6.0,2.0,6.0,3.0,8.0,6.0,2.0,1.0,0.0,0.0,H
E0,2019-12-29,Liverpool,Wolves,1,0,1.0,0.0,H,10.0,10.0,3.0,2.0,5.0,6.0,7.0,3.0,1.0,0.0,0.0,0.0,H
E0,2020-02-01,Liverpool,Sheffield United,2,0,1.0,0.0,H,19.0,3.0,7.0,2.0,8.0,4.0,5.0,8.0,0.0,0.0,0.0,0.0,H
E0,2020-01-19,Liverpool,Man United,2,0,1.0,0.0,H,16.0,9.0,5.0,4.0,11.0,5.0,7.0,10.0,1.0,3.0,0.0,0.0,H
E0,2020-01-02,Liverpool,Southampton,4,0,0.0,0.0,D,16.0,17.0,9.0,4.0,6.0,11.0,9.0,15.0,0.0,2.0,0.0,0.0,H
E0,2020-12-09,Liverpool,Leeds,4,3,3.0,2.0,H,22.0,6.0,6.0,3.0,9.0,0.0,9.0,6.0,1.0,0.0,0.0,0.0,H
E0,2020-09-28,Liverpool,Arsenal,3,1,2.0,1.0,H,21.0,4.0,8.0,3.0,7.0,3.0,11.0,7.0,2.0,2.0,0.0,0.0,H
E0,2020-10-24,Liverpool,Sheffield United,2,1,1.0,1.0,D,17.0,13.0,5.0,2.0,7.0,3.0,7.0,15.0,0.0,3.0,0.0,0.0,H
E0,2020-10-31,Liverpool,West Ham,2,1,1.0,1.0,D,9.0,4.0,5.0,3.0,1.0,2.0,13.0,14.0,0.0,1.0,0.0,0.0,H
E0,2020-11-22,Liverpool,Leicester,3,0,2.0,0.0,H,24.0,11.0,13.0,4.0,10.0,3.0,15.0,6.0,0.0,2.0,0.0,0.0,H
E0,2020-06-12,Liverpool,Wolves,4,0,1.0,0.0,H,11.0,9.0,6.0,3.0,4.0,6.0,8.0,14.0,1.0,1.0,0.0,0.0,H
E0,2020-12-16,Liverpool,Tottenham,2,1,1.0,1.0,D,17.0,8.0,11.0,2.0,7.0,4.0,8.0,9.0,0.0,2.0,0.0,0.0,H
E0,2020-12-27,Liverpool,West Brom,1,1,1.0,0.0,H,17.0,5.0,2.0,3.0,8.0,3.0,8.0,5.0,0.0,1.0,0.0,0.0,D
E0,2021-01-17,Liverpool,Man United,0,0,0.0,0.0,D,17.0,8.0,3.0,4.0,7.0,3.0,15.0,6.0,2.0,1.0,0.0,0.0,D
E0,2021-01-21,Liverpool,Burnley,0,1,0.0,0.0,D,27.0,6.0,6.0,4.0,12.0,0.0,11.0,8.0,2.0,1.0,0.0,0.0,A
E0,2021-03-02,Liverpool,Brighton,0,1,0.0,0.0,D,11.0,13.0,1.0,4.0,6.0,3.0,12.0,6.0,1.0,0.0,0.0,0.0,A
E0,2021-07-02,Liverpool,Man City,1,4,0.0,0.0,D,8.0,8.0,3.0,5.0,6.0,1.0,13.0,8.0,2.0,1.0,0.0,0.0,A
E0,1993-08-18,QPR,Liverpool,1,3,,,,,,,,,,,,,,,,A
E0,1993-08-22,Swindon,Liverpool,0,5,,,,,,,,,,,,,,,,A
E0,1993-01-09,Coventry,Liverpool,1,0,,,,,,,,,,,,,,,,H
E0,1993-09-18,Everton,Liverpool,2,0,,,,,,,,,,,,,,,,H
E0,1993-09-25,Chelsea,Liverpool,1,0,,,,,,,,,,,,,,,,H
E0,1993-10-23,Man City,Liverpool,1,1,,,,,,,,,,,,,,,,D
E0,1993-11-21,Newcastle,Liverpool,3,0,,,,,,,,,,,,,,,,H
E0,1993-04-12,Sheffield Weds,Liverpool,3,1,,,,,,,,,,,,,,,,H
E0,1993-12-18,Tottenham,Liverpool,3,3,,,,,,,,,,,,,,,,D
E0,1993-12-26,Sheffield United,Liverpool,0,0,,,,,,,,,,,,,,,,D
E0,1994-01-01,Ipswich,Liverpool,1,2,,,,,,,,,,,,,,,,A
E0,1994-01-15,Oldham,Liverpool,0,3,,,,,,,,,,,,,,,,A
E0,1994-05-02,Norwich,Liverpool,2,2,,,,,,,,,,,,,,,,D
E0,1994-02-14,Southampton,Liverpool,4,2,,,,,,,,,,,,,,,,H
E0,1994-02-19,Leeds,Liverpool,2,0,,,,,,,,,,,,,,,,H
E0,1994-05-03,Blackburn,Liverpool,2,0,,,,,,,,,,,,,,,,H
E0,1994-03-26,Arsenal,Liverpool,1,0,,,,,,,,,,,,,,,,H
E0,1994-03-30,Man United,Liverpool,1,0,,,,,,,,,,,,,,,,H
E0,1994-04-04,Wimbledon,Liverpool,1,1,,,,,,,,,,,,,,,,D
E0,1994-04-23,West Ham,Liverpool,1,2,,,,,,,,,,,,,,,,A
E0,1994-07-05,Aston Villa,Liverpool,2,1,,,,,,,,,,,,,,,,H
E0,1994-08-20,Crystal Palace,Liverpool,1,6,,,,,,,,,,,,,,,,A
E0,1994-08-31,Southampton,Liverpool,0,2,,,,,,,,,,,,,,,,A
E0,1994-09-17,Man United,Liverpool,2,0,,,,,,,,,,,,,,,,H
E0,1994-09-24,Newcastle,Liverpool,1,1,,,,,,,,,,,,,,,,D
E0,1994-10-15,Blackburn,Liverpool,3,2,,,,,,,,,,,,,,,,H
E0,1994-10-29,Ipswich,Liverpool,1,3,,,,,,,,,,,,,,,,A
E0,1994-10-31,QPR,Liverpool,2,1,,,,,,,,,,,,,,,,H
E0,1994-11-21,Everton,Liverpool,2,0,,,,,,,,,,,,,,,,H
E0,1994-03-12,Coventry,Liverpool,1,1,,,,,,,,,,,,,,,,D
E0,1994-12-18,Chelsea,Liverpool,0,0,,,,,,,,,,,,,,,,D
E0,1994-12-26,Leicester,Liverpool,1,2,,,,,,,,,,,,,,,,A
E0,1994-12-31,Leeds,Liverpool,0,2,,,,,,,,,,,,,,,,A
E0,1995-04-02,Nott'm Forest,Liverpool,1,1,,,,,,,,,,,,,,,,D
E0,1995-02-25,Sheffield Weds,Liverpool,1,2,,,,,,,,,,,,,,,,A
E0,1995-03-22,Tottenham,Liverpool,0,0,,,,,,,,,,,,,,,,D
E0,1995-12-04,Arsenal,Liverpool,0,1,,,,,,,,,,,,,,,,A
E0,1995-04-14,Man City,Liverpool,2,1,,,,,,,,,,,,,,,,H
E0,1995-04-29,Norwich,Liverpool,1,2,,,,,,,,,,,,,,,,A
E0,1995-02-05,Wimbledon,Liverpool,0,0,,,,,,,,,,,,,,,,D
E0,1995-06-05,Aston Villa,Liverpool,2,0,,,,,,,,,,,,,,,,H
E0,1995-10-05,West Ham,Liverpool,3,0,,,,,,,,,,,,,,,,H
E0,1995-08-21,Leeds,Liverpool,1,0,0.0,0.0,D,,,,,,,,,,,,,H
E0,1995-08-26,Tottenham,Liverpool,1,3,0.0,2.0,A,,,,,,,,,,,,,A
E0,1995-09-09,Wimbledon,Liverpool,1,0,1.0,0.0,H,,,,,,,,,,,,,H
E0,1995-01-10,Man United,Liverpool,2,2,1.0,1.0,D,,,,,,,,,,,,,D
E0,1995-10-22,Southampton,Liverpool,1,3,1.0,1.0,D,,,,,,,,,,,,,A
E0,1995-04-11,Newcastle,Liverpool,2,1,1.0,1.0,D,,,,,,,,,,,,,H
E0,1995-11-22,West Ham,Liverpool,0,0,0.0,0.0,D,,,,,,,,,,,,,D
E0,1995-11-25,Middlesbrough,Liverpool,2,1,1.0,0.0,H,,,,,,,,,,,,,H
E0,1995-09-12,Bolton,Liverpool,0,1,0.0,0.0,D,,,,,,,,,,,,,A
E0,1995-12-30,Chelsea,Liverpool,2,2,2.0,1.0,H,,,,,,,,,,,,,D
E0,1996-01-13,Sheffield Weds,Liverpool,1,1,1.0,0.0,H,,,,,,,,,,,,,D
E0,1996-01-31,Aston Villa,Liverpool,0,2,0.0,0.0,D,,,,,,,,,,,,,A
E0,1996-11-02,QPR,Liverpool,1,2,0.0,2.0,A,,,,,,,,,,,,,A
E0,1996-02-24,Blackburn,Liverpool,2,3,1.0,2.0,A,,,,,,,,,,,,,A
E0,1996-03-23,Nott'm Forest,Liverpool,1,0,1.0,0.0,H,,,,,,,,,,,,,H
E0,1996-06-04,Coventry,Liverpool,1,0,1.0,0.0,H,,,,,,,,,,,,,H
E0,1996-04-16,Everton,Liverpool,1,1,1.0,0.0,H,,,,,,,,,,,,,D
E0,1996-01-05,Arsenal,Liverpool,0,0,0.0,0.0,D,,,,,,,,,,,,,D
E0,1996-04-05,Man City,Liverpool,2,2,0.0,2.0,A,,,,,,,,,,,,,D
E0,1996-08-17,Middlesbrough,Liverpool,3,3,2.0,2.0,D,,,,,,,,,,,,,D
E0,1996-04-09,Coventry,Liverpool,0,1,0.0,0.0,D,,,,,,,,,,,,,A
E0,1996-09-15,Leicester,Liverpool,0,3,0.0,0.0,D,,,,,,,,,,,,,A
E0,1996-09-29,West Ham,Liverpool,1,2,1.0,1.0,D,,,,,,,,,,,,,A
E0,1996-12-10,Man United,Liverpool,1,0,1.0,0.0,H,,,,,,,,,,,,,H
E0,1996-03-11,Blackburn,Liverpool,3,0,2.0,0.0,H,,,,,,,,,,,,,H
E0,1996-11-16,Leeds,Liverpool,0,2,0.0,1.0,A,,,,,,,,,,,,,A
E0,1996-02-12,Tottenham,Liverpool,0,2,0.0,1.0,A,,,,,,,,,,,,,A
E0,1996-12-23,Newcastle,Liverpool,1,1,1.0,1.0,D,,,,,,,,,,,,,D
E0,1996-12-29,Southampton,Liverpool,0,1,0.0,0.0,D,,,,,,,,,,,,,A
E0,1997-01-01,Chelsea,Liverpool,1,0,1.0,0.0,H,,,,,,,,,,,,,H
E0,1997-01-02,Derby,Liverpool,0,1,0.0,0.0,D,,,,,,,,,,,,,A
E0,1997-02-03,Aston Villa,Liverpool,1,0,0.0,0.0,D,,,,,,,,,,,,,H
E0,1997-03-15,Nott'm Forest,Liverpool,1,1,1.0,1.0,D,,,,,,,,,,,,,D
E0,1997-03-24,Arsenal,Liverpool,1,2,0.0,0.0,D,,,,,,,,,,,,,A
E0,1997-04-13,Sunderland,Liverpool,1,2,0.0,1.0,A,,,,,,,,,,,,,A
E0,1997-04-16,Everton,Liverpool,1,1,0.0,1.0,A,,,,,,,,,,,,,D
E0,1997-06-05,Wimbledon,Liverpool,2,1,1.0,0.0,H,,,,,,,,,,,,,H
E0,1997-11-05,Sheffield Weds,Liverpool,1,1,0.0,0.0,D,,,,,,,,,,,,,D
E0,1997-09-08,Wimbledon,Liverpool,1,1,0.0,0.0,D,,,,,,,,,,,,,D
E0,1997-08-23,Blackburn,Liverpool,1,1,0.0,0.0,D,,,,,,,,,,,,,D
E0,1997-08-26,Leeds,Liverpool,0,2,0.0,1.0,A,,,,,,,,,,,,,A
E0,1997-09-20,Southampton,Liverpool,1,1,0.0,1.0,A,,,,,,,,,,,,,D
E0,1997-09-27,West Ham,Liverpool,2,1,1.0,0.0,H,,,,,,,,,,,,,H
E0,1997-10-18,Everton,Liverpool,2,0,1.0,0.0,H,,,,,,,,,,,,,H
E0,1997-01-11,Bolton,Liverpool,1,1,0.0,1.0,A,,,,,,,,,,,,,D
E0,1997-11-30,Arsenal,Liverpool,0,1,0.0,0.0,D,,,,,,,,,,,,,A
E0,1997-12-13,Crystal Palace,Liverpool,0,3,0.0,1.0,A,,,,,,,,,,,,,A
E0,1997-12-28,Newcastle,Liverpool,1,2,1.0,2.0,A,,,,,,,,,,,,,A
E0,1998-01-17,Leicester,Liverpool,0,0,0.0,0.0,D,,,,,,,,,,,,,D
E0,1998-02-14,Sheffield Weds,Liverpool,3,3,1.0,1.0,D,,,,,,,,,,,,,D
E0,1998-02-28,Aston Villa,Liverpool,2,1,1.0,1.0,D,,,,,,,,,,,,,H
E0,1998-03-14,Tottenham,Liverpool,3,3,1.0,1.0,D,,,,,,,,,,,,,D
E0,1998-03-28,Barnsley,Liverpool,2,3,1.0,1.0,D,,,,,,,,,,,,,A
E0,1998-10-04,Man United,Liverpool,1,1,1.0,1.0,D,,,,,,,,,,,,,D
E0,1998-04-19,Coventry,Liverpool,1,1,0.0,1.0,A,,,,,,,,,,,,,D
E0,1998-04-25,Chelsea,Liverpool,4,1,1.0,1.0,D,,,,,,,,,,,,,H
E0,1998-10-05,Derby,Liverpool,1,0,0.0,0.0,D,,,,,,,,,,,,,H
E0,1998-08-16,Southampton,Liverpool,1,2,1.0,1.0,D,,,,,,,,,,,,,A
E0,1998-08-30,Newcastle,Liverpool,1,4,1.0,4.0,A,,,,,,,,,,,,,A
E0,1998-12-09,West Ham,Liverpool,2,1,1.0,0.0,H,,,,,,,,,,,,,H
E0,1998-09-24,Man United,Liverpool,2,0,1.0,0.0,H,,,,,,,,,,,,,H
E0,1998-10-17,Everton,Liverpool,0,0,0.0,0.0,D,,,,,,,,,,,,,D
E0,1998-10-31,Leicester,Liverpool,1,0,0.0,0.0,D,,,,,,,,,,,,,H
E0,1998-11-21,Aston Villa,Liverpool,2,4,0.0,2.0,A,,,,,,,,,,,,,A
E0,1998-05-12,Tottenham,Liverpool,2,1,1.0,0.0,H,,,,,,,,,,,,,H
E0,1998-12-13,Wimbledon,Liverpool,1,0,0.0,0.0,D,,,,,,,,,,,,,H
E0,1998-12-26,Middlesbrough,Liverpool,1,3,1.0,2.0,A,,,,,,,,,,,,,A
E0,1999-09-01,Arsenal,Liverpool,0,0,0.0,0.0,D,,,,,,,,,,,,,D
E0,1999-01-30,Coventry,Liverpool,2,1,0.0,0.0,D,,,,,,,,,,,,,H
E0,1999-02-13,Charlton,Liverpool,1,0,0.0,0.0,D,,,,,,,,,,,,,H
E0,1999-02-27,Chelsea,Liverpool,2,1,2.0,0.0,H,,,,,,,,,,,,,H
E0,1999-03-13,Derby,Liverpool,3,2,2.0,1.0,H,,,,,,,,,,,,,H
E0,1999-05-04,Nott'm Forest,Liverpool,2,2,0.0,1.0,A,,,,,,,,,,,,,D
E0,1999-12-04,Leeds,Liverpool,0,0,0.0,0.0,D,,,,,,,,,,,,,D
E0,1999-04-24,Blackburn,Liverpool,1,3,0.0,3.0,A,,,,,,,,,,,,,A
E0,1999-08-05,Sheffield Weds,Liverpool,1,0,0.0,0.0,D,,,,,,,,,,,,,H
E0,2019-08-17,Southampton,Liverpool,1,2,0.0,1.0,A,14.0,15.0,3.0,6.0,5.0,9.0,10.0,6.0,2.0,1.0,0.0,0.0,A
E0,2019-08-31,Burnley,Liverpool,0,3,0.0,2.0,A,7.0,15.0,2.0,7.0,6.0,4.0,10.0,16.0,0.0,0.0,0.0,0.0,A
E0,2019-09-22,Chelsea,Liverpool,1,2,0.0,2.0,A,13.0,6.0,2.0,3.0,6.0,4.0,8.0,13.0,3.0,3.0,0.0,0.0,A
E0,2019-09-28,Sheffield United,Liverpool,0,1,0.0,0.0,D,12.0,16.0,2.0,4.0,6.0,5.0,8.0,4.0,1.0,1.0,0.0,0.0,A
E0,2019-10-20,Man United,Liverpool,1,1,1.0,0.0,H,7.0,10.0,2.0,4.0,3.0,1.0,6.0,14.0,0.0,1.0,0.0,0.0,D
E0,2019-02-11,Aston Villa,Liverpool,1,2,1.0,0.0,H,5.0,25.0,2.0,6.0,2.0,10.0,12.0,9.0,1.0,2.0,0.0,0.0,A
E0,2019-11-23,Crystal Palace,Liverpool,1,2,0.0,0.0,D,16.0,12.0,6.0,4.0,9.0,8.0,8.0,7.0,0.0,1.0,0.0,0.0,A
E0,2019-07-12,Bournemouth,Liverpool,0,3,0.0,2.0,A,3.0,21.0,0.0,9.0,1.0,3.0,5.0,6.0,0.0,1.0,0.0,0.0,A
E0,2019-12-26,Leicester,Liverpool,0,4,0.0,1.0,A,3.0,15.0,0.0,6.0,2.0,8.0,5.0,7.0,1.0,1.0,0.0,0.0,A
E0,2020-11-01,Tottenham,Liverpool,0,1,0.0,1.0,A,14.0,13.0,4.0,7.0,4.0,3.0,4.0,8.0,0.0,2.0,0.0,0.0,A
E0,2020-01-23,Wolves,Liverpool,1,2,0.0,1.0,A,10.0,13.0,3.0,6.0,2.0,4.0,6.0,11.0,0.0,1.0,0.0,0.0,A
E0,2020-01-29,West Ham,Liverpool,0,2,0.0,1.0,A,7.0,13.0,4.0,5.0,3.0,7.0,6.0,6.0,2.0,0.0,0.0,0.0,A
E0,2020-02-15,Norwich,Liverpool,0,1,0.0,0.0,D,5.0,17.0,1.0,6.0,2.0,7.0,5.0,11.0,1.0,2.0,0.0,0.0,A
E0,2020-02-29,Watford,Liverpool,3,0,0.0,0.0,D,14.0,7.0,5.0,1.0,3.0,5.0,4.0,8.0,0.0,0.0,0.0,0.0,H
E0,2000-08-21,Arsenal,Liverpool,2,0,1.0,0.0,H,17.0,7.0,12.0,4.0,10.0,11.0,25.0,20.0,2.0,4.0,1.0,2.0,H
E0,2000-08-26,Southampton,Liverpool,3,3,0.0,1.0,A,14.0,9.0,7.0,4.0,7.0,1.0,7.0,6.0,0.0,0.0,0.0,0.0,D
E0,2000-09-17,West Ham,Liverpool,1,1,0.0,1.0,A,15.0,7.0,4.0,2.0,9.0,0.0,5.0,13.0,0.0,2.0,0.0,0.0,D
E0,2000-01-10,Chelsea,Liverpool,3,0,2.0,0.0,H,11.0,10.0,5.0,2.0,3.0,1.0,14.0,14.0,1.0,1.0,0.0,0.0,H
E0,2000-10-15,Derby,Liverpool,0,4,0.0,1.0,A,6.0,16.0,0.0,11.0,4.0,3.0,18.0,13.0,1.0,1.0,0.0,0.0,A
E0,2000-04-11,Leeds,Liverpool,4,3,1.0,2.0,A,10.0,14.0,7.0,8.0,7.0,7.0,18.0,18.0,1.0,4.0,0.0,0.0,H
E0,2000-11-19,Tottenham,Liverpool,2,1,2.0,1.0,H,6.0,9.0,4.0,4.0,6.0,5.0,11.0,13.0,1.0,2.0,0.0,0.0,H
E0,2000-11-26,Newcastle,Liverpool,2,1,1.0,0.0,H,9.0,13.0,6.0,9.0,5.0,11.0,17.0,15.0,3.0,2.0,0.0,0.0,H
E0,2000-12-17,Man United,Liverpool,0,1,0.0,1.0,A,6.0,9.0,4.0,4.0,9.0,2.0,10.0,11.0,1.0,0.0,1.0,0.0,A
E0,2000-12-26,Middlesbrough,Liverpool,1,0,1.0,0.0,H,7.0,11.0,2.0,5.0,2.0,6.0,7.0,9.0,2.0,2.0,0.0,0.0,H
E0,2001-01-13,Aston Villa,Liverpool,0,3,0.0,2.0,A,5.0,12.0,1.0,6.0,1.0,4.0,7.0,10.0,2.0,0.0,0.0,0.0,A
E0,2001-01-31,Man City,Liverpool,1,1,0.0,1.0,A,4.0,16.0,2.0,3.0,5.0,11.0,17.0,13.0,1.0,1.0,0.0,0.0,D
E0,2001-10-02,Sunderland,Liverpool,1,1,0.0,0.0,D,9.0,8.0,6.0,4.0,9.0,6.0,15.0,25.0,5.0,3.0,0.0,0.0,D
E0,2001-03-03,Leicester,Liverpool,2,0,0.0,0.0,D,9.0,8.0,7.0,3.0,4.0,7.0,9.0,7.0,1.0,1.0,0.0,0.0,H
E0,2001-10-04,Ipswich,Liverpool,1,1,0.0,0.0,D,8.0,7.0,5.0,2.0,6.0,1.0,10.0,15.0,0.0,0.0,0.0,0.0,D
E0,2001-04-16,Everton,Liverpool,2,3,1.0,1.0,D,10.0,10.0,7.0,6.0,2.0,5.0,19.0,15.0,4.0,2.0,1.0,0.0,A
E0,2001-04-28,Coventry,Liverpool,0,2,0.0,0.0,D,11.0,13.0,4.0,6.0,7.0,7.0,15.0,11.0,3.0,1.0,0.0,0.0,A
E0,2001-01-05,Bradford,Liverpool,0,2,0.0,0.0,D,15.0,11.0,4.0,10.0,7.0,0.0,11.0,13.0,0.0,2.0,0.0,0.0,A
E0,2001-05-19,Charlton,Liverpool,0,4,0.0,0.0,D,12.0,16.0,10.0,14.0,10.0,10.0,7.0,13.0,1.0,1.0,0.0,0.0,A
E0,2001-08-27,Bolton,Liverpool,2,1,1.0,0.0,H,11.0,18.0,4.0,7.0,4.0,6.0,13.0,11.0,2.0,2.0,0.0,0.0,H
E0,2001-09-15,Everton,Liverpool,1,3,1.0,2.0,A,11.0,13.0,5.0,9.0,4.0,2.0,16.0,13.0,0.0,1.0,0.0,0.0,A
E0,2001-09-30,Newcastle,Liverpool,0,2,0.0,1.0,A,7.0,6.0,3.0,2.0,7.0,0.0,14.0,23.0,1.0,4.0,0.0,0.0,A
E0,2001-10-20,Leicester,Liverpool,1,4,0.0,3.0,A,8.0,12.0,3.0,6.0,6.0,6.0,11.0,13.0,1.0,2.0,0.0,0.0,A
E0,2001-10-27,Charlton,Liverpool,0,2,0.0,2.0,A,14.0,5.0,4.0,4.0,13.0,1.0,12.0,13.0,0.0,1.0,0.0,1.0,A
E0,2001-11-17,Blackburn,Liverpool,1,1,0.0,1.0,A,5.0,5.0,5.0,2.0,6.0,3.0,17.0,10.0,2.0,0.0,0.0,0.0,D
E0,2001-01-12,Derby,Liverpool,0,1,0.0,1.0,A,12.0,7.0,4.0,5.0,5.0,9.0,9.0,14.0,1.0,2.0,0.0,0.0,A
E0,2001-12-16,Chelsea,Liverpool,4,0,2.0,0.0,H,16.0,16.0,10.0,8.0,5.0,6.0,15.0,10.0,2.0,3.0,0.0,0.0,H
E0,2001-12-26,Aston Villa,Liverpool,1,2,1.0,1.0,D,10.0,12.0,5.0,6.0,7.0,3.0,10.0,9.0,1.0,0.0,0.0,0.0,A
E0,2001-12-29,West Ham,Liverpool,1,1,1.0,0.0,H,17.0,12.0,8.0,8.0,9.0,5.0,5.0,8.0,1.0,0.0,0.0,0.0,D
E0,2002-09-01,Southampton,Liverpool,2,0,0.0,0.0,D,9.0,7.0,7.0,4.0,5.0,6.0,12.0,7.0,0.0,1.0,0.0,0.0,H
E0,2002-01-13,Arsenal,Liverpool,1,1,0.0,0.0,D,11.0,5.0,4.0,2.0,3.0,1.0,15.0,16.0,1.0,1.0,0.0,0.0,D
E0,2002-01-22,Man United,Liverpool,0,1,0.0,0.0,D,12.0,9.0,3.0,5.0,11.0,2.0,15.0,16.0,1.0,2.0,0.0,0.0,A
E0,2002-03-02,Leeds,Liverpool,0,4,0.0,1.0,A,13.0,11.0,5.0,7.0,7.0,6.0,14.0,9.0,2.0,1.0,0.0,0.0,A
E0,2002-09-02,Ipswich,Liverpool,0,6,0.0,2.0,A,4.0,14.0,2.0,11.0,7.0,9.0,2.0,4.0,0.0,0.0,0.0,0.0,A
E0,2002-02-03,Fulham,Liverpool,0,2,0.0,1.0,A,11.0,10.0,5.0,4.0,8.0,4.0,13.0,14.0,3.0,2.0,0.0,0.0,A
E0,2002-03-16,Middlesbrough,Liverpool,1,2,0.0,1.0,A,15.0,8.0,5.0,7.0,7.0,3.0,10.0,12.0,0.0,2.0,0.0,0.0,A
E0,2002-04-13,Sunderland,Liverpool,0,1,0.0,0.0,D,10.0,10.0,5.0,5.0,4.0,3.0,10.0,11.0,1.0,2.0,1.0,0.0,A
E0,2002-04-27,Tottenham,Liverpool,1,0,1.0,0.0,H,11.0,11.0,5.0,7.0,3.0,8.0,9.0,11.0,1.0,1.0,0.0,0.0,H
E0,2002-08-18,Aston Villa,Liverpool,0,1,0.0,0.0,D,11.0,12.0,5.0,6.0,6.0,8.0,9.0,5.0,2.0,2.0,0.0,0.0,A
E0,2002-08-28,Blackburn,Liverpool,2,2,1.0,1.0,D,7.0,5.0,4.0,3.0,5.0,2.0,17.0,10.0,3.0,1.0,0.0,0.0,D
E0,2002-09-14,Bolton,Liverpool,2,3,0.0,1.0,A,7.0,12.0,5.0,8.0,7.0,4.0,10.0,9.0,2.0,2.0,0.0,0.0,A
E0,2002-09-28,Man City,Liverpool,0,3,0.0,1.0,A,14.0,9.0,6.0,6.0,12.0,3.0,7.0,9.0,0.0,0.0,0.0,0.0,A
E0,2002-10-19,Leeds,Liverpool,0,1,0.0,0.0,D,12.0,13.0,5.0,6.0,9.0,9.0,13.0,13.0,1.0,2.0,0.0,0.0,A
E0,2002-09-11,Middlesboro,Liverpool,1,0,0.0,0.0,D,11.0,13.0,3.0,7.0,5.0,2.0,10.0,8.0,1.0,0.0,0.0,0.0,H
E0,2002-11-23,Fulham,Liverpool,3,2,2.0,0.0,H,11.0,14.0,10.0,11.0,1.0,8.0,14.0,9.0,1.0,0.0,1.0,0.0,H
E0,2002-07-12,Charlton,Liverpool,2,0,1.0,0.0,H,14.0,17.0,11.0,7.0,4.0,5.0,14.0,12.0,3.0,3.0,0.0,0.0,H
E0,2002-12-15,Sunderland,Liverpool,2,1,1.0,0.0,H,7.0,11.0,3.0,4.0,9.0,10.0,12.0,7.0,0.0,2.0,0.0,0.0,H
E0,2002-12-29,Arsenal,Liverpool,1,1,0.0,0.0,D,13.0,9.0,6.0,2.0,15.0,4.0,14.0,15.0,1.0,3.0,0.0,0.0,D
E0,2003-01-01,Newcastle,Liverpool,1,0,1.0,0.0,H,8.0,5.0,5.0,4.0,4.0,4.0,6.0,20.0,1.0,3.0,0.0,1.0,H
E0,2003-01-18,Southampton,Liverpool,0,1,0.0,1.0,A,8.0,17.0,4.0,7.0,6.0,4.0,8.0,10.0,1.0,1.0,0.0,0.0,A
E0,2003-02-02,West Ham,Liverpool,0,3,0.0,2.0,A,7.0,11.0,2.0,5.0,6.0,8.0,12.0,12.0,1.0,0.0,0.0,0.0,A
E0,2003-02-23,Birmingham,Liverpool,2,1,1.0,0.0,H,5.0,14.0,2.0,9.0,2.0,6.0,14.0,11.0,2.0,1.0,0.0,0.0,H
E0,2003-03-16,Tottenham,Liverpool,2,3,0.0,0.0,D,12.0,9.0,5.0,6.0,9.0,4.0,21.0,11.0,1.0,1.0,0.0,0.0,A
E0,2003-05-04,Man United,Liverpool,4,0,1.0,0.0,H,12.0,5.0,9.0,1.0,10.0,4.0,15.0,17.0,1.0,3.0,0.0,1.0,H
E0,2003-04-19,Everton,Liverpool,1,2,0.0,1.0,A,9.0,8.0,4.0,2.0,4.0,3.0,15.0,18.0,4.0,3.0,2.0,0.0,A
E0,2003-04-26,West Brom,Liverpool,0,6,0.0,1.0,A,9.0,18.0,5.0,14.0,4.0,3.0,12.0,6.0,1.0,1.0,0.0,0.0,A
E0,2003-11-05,Chelsea,Liverpool,2,1,2.0,1.0,H,13.0,5.0,6.0,3.0,4.0,3.0,17.0,13.0,3.0,1.0,0.0,1.0,H
E0,2003-08-24,Aston Villa,Liverpool,0,0,0.0,0.0,D,14.0,15.0,9.0,9.0,8.0,9.0,16.0,7.0,0.0,1.0,0.0,0.0,D
E0,2003-08-30,Everton,Liverpool,0,3,0.0,1.0,A,11.0,18.0,5.0,11.0,9.0,5.0,22.0,17.0,3.0,3.0,0.0,0.0,A
E0,2003-09-13,Blackburn,Liverpool,1,3,1.0,1.0,D,8.0,21.0,5.0,14.0,5.0,10.0,13.0,11.0,2.0,2.0,1.0,0.0,A
E0,2003-09-28,Charlton,Liverpool,3,2,2.0,1.0,H,14.0,17.0,5.0,9.0,7.0,5.0,11.0,9.0,2.0,1.0,0.0,0.0,H
E0,2003-10-18,Portsmouth,Liverpool,1,0,1.0,0.0,H,10.0,13.0,6.0,7.0,5.0,3.0,22.0,10.0,2.0,2.0,0.0,0.0,H
E0,2003-02-11,Fulham,Liverpool,1,2,1.0,1.0,D,10.0,10.0,6.0,6.0,4.0,8.0,13.0,10.0,1.0,1.0,1.0,0.0,A
E0,2003-11-22,Middlesbrough,Liverpool,0,0,0.0,0.0,D,8.0,8.0,3.0,1.0,3.0,4.0,16.0,15.0,2.0,2.0,0.0,0.0,D
E0,2003-06-12,Newcastle,Liverpool,1,1,0.0,1.0,A,13.0,7.0,6.0,3.0,8.0,1.0,13.0,13.0,1.0,4.0,0.0,0.0,D
E0,2003-12-28,Man City,Liverpool,2,2,1.0,0.0,H,16.0,11.0,8.0,9.0,7.0,7.0,6.0,14.0,1.0,2.0,0.0,0.0,D
E0,2004-07-01,Chelsea,Liverpool,0,1,0.0,1.0,A,9.0,4.0,2.0,1.0,8.0,3.0,15.0,9.0,0.0,2.0,0.0,1.0,A
E0,2004-01-17,Tottenham,Liverpool,2,1,1.0,0.0,H,7.0,10.0,3.0,4.0,5.0,6.0,18.0,9.0,1.0,1.0,0.0,0.0,H
E0,2004-01-21,Wolves,Liverpool,1,1,0.0,1.0,A,9.0,14.0,6.0,10.0,7.0,5.0,14.0,16.0,2.0,1.0,0.0,0.0,D
E0,2004-07-02,Bolton,Liverpool,2,2,1.0,0.0,H,12.0,11.0,6.0,6.0,3.0,5.0,15.0,15.0,3.0,2.0,0.0,0.0,D
E0,2004-02-29,Leeds,Liverpool,2,2,2.0,2.0,D,12.0,22.0,6.0,13.0,6.0,8.0,13.0,11.0,0.0,1.0,0.0,0.0,D
E0,2004-03-14,Southampton,Liverpool,2,0,0.0,0.0,D,7.0,18.0,3.0,12.0,1.0,7.0,20.0,8.0,3.0,1.0,0.0,0.0,H
E0,2004-03-28,Leicester,Liverpool,0,0,0.0,0.0,D,13.0,19.0,9.0,12.0,7.0,10.0,15.0,20.0,4.0,3.0,0.0,0.0,D
E0,2004-09-04,Arsenal,Liverpool,4,2,1.0,2.0,A,12.0,12.0,7.0,5.0,2.0,8.0,16.0,9.0,3.0,1.0,0.0,0.0,H
E0,2004-04-24,Man United,Liverpool,0,1,0.0,0.0,D,11.0,9.0,4.0,4.0,3.0,4.0,19.0,15.0,2.0,1.0,0.0,0.0,A
E0,2004-08-05,Birmingham,Liverpool,0,3,0.0,1.0,A,3.0,15.0,2.0,8.0,3.0,5.0,11.0,12.0,2.0,0.0,1.0,0.0,A
E0,2004-08-14,Tottenham,Liverpool,1,1,0.0,1.0,A,14.0,16.0,7.0,8.0,3.0,8.0,17.0,11.0,3.0,1.0,0.0,0.0,D
E0,2004-08-29,Bolton,Liverpool,1,0,1.0,0.0,H,10.0,7.0,8.0,2.0,5.0,2.0,15.0,14.0,2.0,0.0,0.0,0.0,H
E0,2004-09-20,Man United,Liverpool,2,1,1.0,0.0,H,14.0,6.0,9.0,3.0,7.0,2.0,22.0,15.0,1.0,2.0,0.0,0.0,H
E0,2004-03-10,Chelsea,Liverpool,1,0,0.0,0.0,D,13.0,5.0,5.0,3.0,11.0,2.0,14.0,20.0,0.0,1.0,0.0,0.0,H
E0,2004-10-16,Fulham,Liverpool,2,4,2.0,0.0,H,5.0,10.0,3.0,3.0,3.0,6.0,12.0,14.0,1.0,3.0,0.0,1.0,A
E0,2004-10-30,Blackburn,Liverpool,2,2,2.0,1.0,H,8.0,13.0,7.0,9.0,6.0,6.0,14.0,11.0,2.0,1.0,0.0,0.0,D
E0,2004-11-20,Middlesbrough,Liverpool,2,0,1.0,0.0,H,14.0,17.0,6.0,10.0,3.0,5.0,14.0,10.0,3.0,2.0,0.0,0.0,H
E0,2004-04-12,Aston Villa,Liverpool,1,1,1.0,1.0,D,3.0,12.0,2.0,7.0,3.0,9.0,10.0,10.0,1.0,0.0,0.0,0.0,D
E0,2004-11-12,Everton,Liverpool,1,0,0.0,0.0,D,6.0,16.0,2.0,5.0,2.0,7.0,12.0,14.0,2.0,3.0,0.0,0.0,H
E0,2004-12-26,West Brom,Liverpool,0,5,0.0,1.0,A,2.0,16.0,1.0,8.0,4.0,11.0,12.0,13.0,0.0,0.0,1.0,0.0,A
E0,2005-03-01,Norwich,Liverpool,1,2,0.0,0.0,D,7.0,11.0,4.0,6.0,5.0,2.0,16.0,19.0,2.0,3.0,0.0,0.0,A
E0,2005-01-22,Southampton,Liverpool,2,0,2.0,0.0,H,11.0,11.0,7.0,2.0,6.0,3.0,10.0,12.0,1.0,2.0,0.0,0.0,H
E0,2005-01-02,Charlton,Liverpool,1,2,1.0,0.0,H,4.0,19.0,3.0,7.0,3.0,7.0,11.0,15.0,0.0,0.0,0.0,0.0,A
E0,2005-12-02,Birmingham,Liverpool,2,0,2.0,0.0,H,5.0,6.0,3.0,2.0,10.0,4.0,16.0,10.0,2.0,0.0,0.0,0.0,H
E0,2005-05-03,Newcastle,Liverpool,1,0,0.0,0.0,D,13.0,6.0,4.0,3.0,5.0,4.0,11.0,16.0,2.0,2.0,0.0,0.0,H
E0,2005-09-04,Man City,Liverpool,1,0,0.0,0.0,D,11.0,6.0,8.0,1.0,5.0,2.0,8.0,11.0,1.0,1.0,0.0,0.0,H
E0,2005-04-20,Portsmouth,Liverpool,1,2,1.0,2.0,A,8.0,19.0,6.0,12.0,5.0,4.0,10.0,8.0,1.0,0.0,0.0,0.0,A
E0,2005-04-23,Crystal Palace,Liverpool,1,0,1.0,0.0,H,6.0,9.0,3.0,7.0,4.0,1.0,19.0,14.0,2.0,5.0,0.0,0.0,H
E0,2005-08-05,Arsenal,Liverpool,3,1,2.0,0.0,H,11.0,11.0,8.0,6.0,1.0,4.0,13.0,10.0,0.0,2.0,0.0,0.0,H
E0,2005-08-13,Middlesbrough,Liverpool,0,0,0.0,0.0,D,4.0,16.0,2.0,7.0,5.0,0.0,17.0,11.0,2.0,3.0,1.0,0.0,D
E0,2005-10-09,Tottenham,Liverpool,0,0,0.0,0.0,D,10.0,11.0,7.0,6.0,4.0,4.0,16.0,13.0,1.0,1.0,0.0,0.0,D
E0,2005-09-24,Birmingham,Liverpool,2,2,0.0,0.0,D,4.0,14.0,4.0,6.0,3.0,7.0,14.0,14.0,2.0,3.0,1.0,0.0,D
E0,2005-10-22,Fulham,Liverpool,2,0,1.0,0.0,H,6.0,14.0,3.0,6.0,3.0,8.0,9.0,14.0,0.0,2.0,0.0,0.0,H
E0,2005-05-11,Aston Villa,Liverpool,0,2,0.0,0.0,D,6.0,10.0,2.0,6.0,3.0,5.0,16.0,11.0,2.0,2.0,0.0,0.0,A
E0,2005-11-26,Man City,Liverpool,0,1,0.0,0.0,D,3.0,8.0,1.0,6.0,6.0,4.0,13.0,13.0,0.0,2.0,0.0,0.0,A
E0,2005-11-30,Sunderland,Liverpool,0,2,0.0,2.0,A,8.0,15.0,4.0,11.0,3.0,3.0,15.0,10.0,0.0,2.0,0.0,1.0,A
E0,2005-12-28,Everton,Liverpool,1,3,1.0,2.0,A,10.0,12.0,6.0,5.0,5.0,2.0,23.0,20.0,4.0,2.0,2.0,0.0,A
E0,2006-02-01,Bolton,Liverpool,2,2,1.0,0.0,H,12.0,15.0,7.0,7.0,3.0,5.0,16.0,14.0,2.0,3.0,0.0,0.0,D
E0,2006-01-22,Man United,Liverpool,1,0,0.0,0.0,D,7.0,11.0,4.0,7.0,1.0,2.0,15.0,17.0,2.0,3.0,0.0,0.0,H
E0,2006-05-02,Chelsea,Liverpool,2,0,1.0,0.0,H,10.0,12.0,6.0,2.0,5.0,5.0,14.0,17.0,1.0,2.0,0.0,1.0,H
E0,2006-08-02,Charlton,Liverpool,2,0,2.0,0.0,H,6.0,13.0,2.0,5.0,1.0,10.0,12.0,13.0,2.0,2.0,0.0,0.0,H
E0,2006-11-02,Wigan,Liverpool,0,1,0.0,1.0,A,5.0,7.0,1.0,6.0,4.0,3.0,8.0,3.0,2.0,0.0,0.0,0.0,A
E0,2006-12-03,Arsenal,Liverpool,2,1,1.0,0.0,H,11.0,8.0,4.0,3.0,5.0,0.0,8.0,18.0,0.0,2.0,0.0,1.0,H
E0,2006-03-19,Newcastle,Liverpool,1,3,1.0,2.0,A,8.0,12.0,4.0,6.0,2.0,1.0,21.0,18.0,2.0,3.0,1.0,0.0,A
E0,2006-01-04,West Brom,Liverpool,0,2,0.0,2.0,A,8.0,13.0,4.0,4.0,1.0,4.0,11.0,8.0,0.0,0.0,0.0,0.0,A
E0,2006-04-16,Blackburn,Liverpool,0,1,0.0,1.0,A,6.0,7.0,3.0,2.0,6.0,4.0,12.0,11.0,3.0,2.0,0.0,0.0,A
E0,2006-04-26,West Ham,Liverpool,1,2,0.0,1.0,A,11.0,13.0,7.0,7.0,6.0,3.0,11.0,7.0,0.0,0.0,1.0,1.0,A
E0,2006-07-05,Portsmouth,Liverpool,1,3,0.0,0.0,D,6.0,8.0,4.0,4.0,5.0,6.0,5.0,11.0,1.0,0.0,0.0,0.0,A
E0,2006-08-19,Sheffield United,Liverpool,1,1,0.0,0.0,D,5.0,12.0,3.0,7.0,0.0,12.0,10.0,16.0,1.0,2.0,0.0,0.0,D
E0,2006-09-09,Everton,Liverpool,3,0,2.0,0.0,H,8.0,21.0,6.0,5.0,2.0,11.0,22.0,13.0,1.0,3.0,0.0,0.0,H
E0,2006-09-17,Chelsea,Liverpool,1,0,1.0,0.0,H,4.0,9.0,3.0,6.0,1.0,3.0,13.0,17.0,3.0,2.0,1.0,0.0,H
E0,2006-09-30,Bolton,Liverpool,2,0,1.0,0.0,H,4.0,13.0,3.0,6.0,1.0,10.0,15.0,12.0,2.0,1.0,0.0,0.0,H
E0,2006-10-22,Man United,Liverpool,2,0,1.0,0.0,H,10.0,13.0,8.0,5.0,5.0,5.0,14.0,21.0,1.0,3.0,0.0,0.0,H
E0,2006-12-11,Arsenal,Liverpool,3,0,1.0,0.0,H,7.0,10.0,7.0,4.0,2.0,6.0,7.0,12.0,2.0,3.0,0.0,0.0,H
E0,2006-11-18,Middlesbrough,Liverpool,0,0,0.0,0.0,D,1.0,17.0,1.0,10.0,2.0,12.0,14.0,3.0,0.0,0.0,0.0,0.0,D
E0,2006-02-12,Wigan,Liverpool,0,4,0.0,4.0,A,15.0,9.0,6.0,6.0,8.0,2.0,9.0,14.0,2.0,2.0,0.0,0.0,A
E0,2006-12-16,Charlton,Liverpool,0,3,0.0,1.0,A,7.0,22.0,2.0,10.0,2.0,8.0,9.0,5.0,1.0,1.0,0.0,0.0,A
E0,2006-12-26,Blackburn,Liverpool,1,0,0.0,0.0,D,8.0,18.0,4.0,12.0,3.0,5.0,13.0,6.0,3.0,2.0,0.0,0.0,H
E0,2006-12-30,Tottenham,Liverpool,0,1,0.0,1.0,A,9.0,10.0,3.0,5.0,2.0,3.0,5.0,21.0,0.0,0.0,0.0,0.0,A
E0,2007-01-13,Watford,Liverpool,0,3,0.0,2.0,A,8.0,22.0,4.0,13.0,3.0,12.0,9.0,10.0,0.0,0.0,0.0,0.0,A
E0,2007-01-30,West Ham,Liverpool,1,2,0.0,0.0,D,13.0,15.0,6.0,9.0,4.0,9.0,11.0,8.0,1.0,1.0,0.0,0.0,A
E0,2007-10-02,Newcastle,Liverpool,2,1,1.0,1.0,D,7.0,13.0,3.0,9.0,3.0,4.0,9.0,14.0,1.0,1.0,0.0,0.0,H
E0,2007-03-18,Aston Villa,Liverpool,0,0,0.0,0.0,D,9.0,7.0,3.0,3.0,2.0,6.0,11.0,12.0,2.0,3.0,0.0,0.0,D
E0,2007-07-04,Reading,Liverpool,1,2,0.0,1.0,A,8.0,4.0,4.0,3.0,7.0,6.0,10.0,16.0,2.0,1.0,0.0,0.0,A
E0,2007-04-14,Man City,Liverpool,0,0,0.0,0.0,D,7.0,11.0,1.0,3.0,4.0,4.0,12.0,15.0,1.0,2.0,0.0,0.0,D
E0,2007-04-28,Portsmouth,Liverpool,2,1,2.0,0.0,H,9.0,11.0,7.0,4.0,7.0,6.0,12.0,7.0,1.0,1.0,0.0,0.0,H
E0,2007-05-05,Fulham,Liverpool,1,0,0.0,0.0,D,7.0,9.0,5.0,5.0,4.0,14.0,17.0,15.0,2.0,2.0,1.0,0.0,H
E0,2007-11-08,Aston Villa,Liverpool,1,2,0.0,1.0,A,10.0,17.0,6.0,7.0,4.0,2.0,18.0,11.0,4.0,2.0,0.0,0.0,A
E0,2007-08-25,Sunderland,Liverpool,0,2,0.0,1.0,A,7.0,17.0,2.0,12.0,6.0,4.0,12.0,12.0,1.0,1.0,0.0,0.0,A
E0,2007-09-15,Portsmouth,Liverpool,0,0,0.0,0.0,D,9.0,12.0,2.0,6.0,5.0,4.0,20.0,14.0,3.0,2.0,0.0,0.0,D
E0,2007-09-29,Wigan,Liverpool,0,1,0.0,0.0,D,9.0,14.0,3.0,10.0,5.0,6.0,11.0,10.0,2.0,1.0,0.0,0.0,A
E0,2007-10-20,Everton,Liverpool,1,2,1.0,0.0,H,6.0,17.0,1.0,7.0,9.0,6.0,8.0,14.0,1.0,2.0,2.0,0.0,A
E0,2007-03-11,Blackburn,Liverpool,0,0,0.0,0.0,D,15.0,11.0,7.0,7.0,6.0,3.0,7.0,11.0,0.0,1.0,0.0,0.0,D
E0,2007-11-24,Newcastle,Liverpool,0,3,0.0,1.0,A,6.0,17.0,2.0,11.0,0.0,8.0,13.0,11.0,3.0,1.0,0.0,0.0,A
E0,2007-08-12,Reading,Liverpool,3,1,1.0,1.0,D,7.0,15.0,4.0,5.0,7.0,7.0,10.0,10.0,0.0,1.0,0.0,0.0,H
E0,2007-12-26,Derby,Liverpool,1,2,0.0,1.0,A,9.0,22.0,4.0,10.0,2.0,7.0,9.0,9.0,1.0,0.0,0.0,0.0,A
E0,2007-12-30,Man City,Liverpool,0,0,0.0,0.0,D,4.0,19.0,3.0,11.0,2.0,9.0,4.0,7.0,0.0,1.0,0.0,0.0,D
E0,2008-12-01,Middlesbrough,Liverpool,1,1,1.0,0.0,H,8.0,14.0,3.0,7.0,3.0,9.0,4.0,11.0,1.0,1.0,0.0,0.0,D
E0,2008-01-30,West Ham,Liverpool,1,0,0.0,0.0,D,8.0,13.0,2.0,5.0,4.0,6.0,11.0,19.0,0.0,3.0,0.0,0.0,H
E0,2008-10-02,Chelsea,Liverpool,0,0,0.0,0.0,D,5.0,10.0,3.0,4.0,6.0,4.0,14.0,18.0,3.0,2.0,0.0,0.0,D
E0,2008-02-03,Bolton,Liverpool,1,3,0.0,1.0,A,7.0,12.0,2.0,9.0,3.0,10.0,7.0,14.0,2.0,1.0,0.0,0.0,A
E0,2008-03-23,Man United,Liverpool,3,0,1.0,0.0,H,22.0,8.0,15.0,4.0,2.0,4.0,11.0,12.0,1.0,3.0,0.0,1.0,H
E0,2008-05-04,Arsenal,Liverpool,1,1,0.0,1.0,A,8.0,11.0,6.0,4.0,5.0,3.0,10.0,10.0,1.0,2.0,0.0,0.0,D
E0,2008-04-19,Fulham,Liverpool,0,2,0.0,1.0,A,10.0,16.0,6.0,7.0,3.0,3.0,9.0,10.0,1.0,0.0,0.0,0.0,A
E0,2008-04-26,Birmingham,Liverpool,2,2,1.0,0.0,H,5.0,12.0,3.0,7.0,3.0,5.0,6.0,9.0,2.0,1.0,0.0,0.0,D
E0,2008-11-05,Tottenham,Liverpool,0,2,0.0,0.0,D,6.0,18.0,3.0,12.0,8.0,4.0,11.0,9.0,1.0,1.0,0.0,0.0,A
E0,2008-08-16,Sunderland,Liverpool,0,1,0.0,0.0,D,6.0,14.0,3.0,8.0,1.0,8.0,13.0,12.0,0.0,2.0,0.0,0.0,A
E0,2008-08-31,Aston Villa,Liverpool,0,0,0.0,0.0,D,5.0,8.0,2.0,3.0,5.0,8.0,9.0,13.0,0.0,2.0,0.0,0.0,D
E0,2008-09-27,Everton,Liverpool,0,2,0.0,0.0,D,4.0,11.0,2.0,6.0,7.0,4.0,17.0,20.0,3.0,3.0,1.0,0.0,A
E0,2008-05-10,Man City,Liverpool,2,3,2.0,0.0,H,7.0,14.0,5.0,7.0,1.0,7.0,11.0,12.0,1.0,1.0,1.0,0.0,A
E0,2008-10-26,Chelsea,Liverpool,0,1,0.0,1.0,A,14.0,8.0,5.0,3.0,4.0,2.0,17.0,13.0,3.0,3.0,0.0,0.0,A
E0,2008-01-11,Tottenham,Liverpool,2,1,0.0,1.0,A,8.0,14.0,4.0,6.0,4.0,4.0,18.0,13.0,1.0,2.0,0.0,0.0,H
E0,2008-11-15,Bolton,Liverpool,0,2,0.0,1.0,A,15.0,15.0,9.0,6.0,7.0,3.0,7.0,7.0,1.0,1.0,0.0,0.0,A
E0,2008-06-12,Blackburn,Liverpool,1,3,0.0,0.0,D,7.0,10.0,3.0,6.0,5.0,6.0,11.0,9.0,2.0,2.0,0.0,0.0,A
E0,2008-12-21,Arsenal,Liverpool,1,1,1.0,1.0,D,6.0,10.0,3.0,6.0,2.0,1.0,14.0,17.0,3.0,3.0,1.0,0.0,D
E0,2008-12-28,Newcastle,Liverpool,1,5,1.0,2.0,A,10.0,17.0,7.0,12.0,4.0,9.0,7.0,11.0,2.0,1.0,0.0,0.0,A
E0,2009-10-01,Stoke,Liverpool,0,0,0.0,0.0,D,5.0,7.0,0.0,3.0,4.0,5.0,10.0,10.0,2.0,2.0,0.0,0.0,D
E0,2009-01-28,Wigan,Liverpool,1,1,0.0,1.0,A,3.0,10.0,1.0,5.0,2.0,2.0,12.0,17.0,1.0,0.0,0.0,0.0,D
E0,2009-07-02,Portsmouth,Liverpool,2,3,0.0,0.0,D,9.0,14.0,7.0,9.0,2.0,4.0,10.0,9.0,1.0,0.0,0.0,0.0,A
E0,2009-02-28,Middlesbrough,Liverpool,2,0,1.0,0.0,H,5.0,16.0,3.0,7.0,2.0,9.0,2.0,6.0,2.0,0.0,0.0,0.0,H
E0,2009-03-14,Man United,Liverpool,1,4,1.0,2.0,A,14.0,9.0,9.0,6.0,10.0,3.0,14.0,15.0,2.0,3.0,1.0,0.0,A
E0,2009-04-04,Fulham,Liverpool,0,1,0.0,0.0,D,3.0,19.0,1.0,10.0,3.0,6.0,8.0,10.0,2.0,2.0,0.0,0.0,A
E0,2009-04-25,Hull,Liverpool,1,3,0.0,1.0,A,7.0,21.0,5.0,8.0,3.0,8.0,15.0,14.0,3.0,1.0,1.0,0.0,A
E0,2009-09-05,West Ham,Liverpool,0,3,0.0,2.0,A,8.0,16.0,3.0,9.0,2.0,4.0,10.0,17.0,3.0,2.0,0.0,0.0,A
E0,2009-05-17,West Brom,Liverpool,0,2,0.0,1.0,A,12.0,16.0,7.0,10.0,11.0,5.0,13.0,4.0,2.0,0.0,0.0,0.0,A
E0,2009-08-16,Tottenham,Liverpool,2,1,1.0,0.0,H,17.0,6.0,11.0,3.0,6.0,5.0,14.0,16.0,3.0,3.0,0.0,0.0,H
E0,2009-08-29,Bolton,Liverpool,2,3,1.0,1.0,D,8.0,26.0,5.0,14.0,5.0,11.0,14.0,7.0,3.0,1.0,1.0,0.0,A
E0,2009-09-19,West Ham,Liverpool,2,3,2.0,2.0,D,8.0,19.0,5.0,15.0,4.0,4.0,13.0,17.0,3.0,3.0,0.0,0.0,A
E0,2009-04-10,Chelsea,Liverpool,2,0,0.0,0.0,D,12.0,12.0,8.0,3.0,5.0,8.0,14.0,17.0,1.0,1.0,0.0,0.0,H
E0,2009-10-17,Sunderland,Liverpool,1,0,1.0,0.0,H,13.0,15.0,7.0,6.0,1.0,7.0,20.0,17.0,2.0,1.0,0.0,0.0,H
E0,2009-10-31,Fulham,Liverpool,3,1,1.0,1.0,D,10.0,6.0,6.0,3.0,2.0,2.0,10.0,13.0,1.0,0.0,0.0,2.0,H
E0,2009-11-29,Everton,Liverpool,0,2,0.0,1.0,A,12.0,9.0,8.0,7.0,6.0,4.0,15.0,12.0,1.0,0.0,0.0,0.0,A
E0,2009-05-12,Blackburn,Liverpool,0,0,0.0,0.0,D,9.0,15.0,3.0,11.0,1.0,8.0,15.0,9.0,1.0,0.0,0.0,0.0,D
E0,2009-12-19,Portsmouth,Liverpool,2,0,1.0,0.0,H,14.0,7.0,6.0,3.0,8.0,10.0,7.0,12.0,3.0,3.0,0.0,1.0,H
E0,2009-12-29,Aston Villa,Liverpool,0,1,0.0,0.0,D,11.0,12.0,7.0,9.0,8.0,10.0,13.0,11.0,1.0,1.0,0.0,0.0,A
E0,2010-01-16,Stoke,Liverpool,1,1,0.0,0.0,D,6.0,4.0,5.0,3.0,10.0,0.0,14.0,10.0,1.0,2.0,0.0,0.0,D
E0,2010-01-26,Wolves,Liverpool,0,0,0.0,0.0,D,6.0,6.0,4.0,3.0,0.0,7.0,10.0,11.0,0.0,1.0,0.0,0.0,D
E0,2010-10-02,Arsenal,Liverpool,1,0,0.0,0.0,D,11.0,9.0,6.0,7.0,3.0,6.0,19.0,13.0,3.0,2.0,0.0,0.0,H
E0,2010-02-21,Man City,Liverpool,0,0,0.0,0.0,D,4.0,6.0,1.0,2.0,8.0,5.0,7.0,15.0,1.0,6.0,0.0,0.0,D
E0,2010-08-03,Wigan,Liverpool,1,0,1.0,0.0,H,12.0,11.0,4.0,3.0,4.0,7.0,15.0,14.0,1.0,5.0,0.0,0.0,H
E0,2010-03-21,Man United,Liverpool,2,1,1.0,1.0,D,10.0,4.0,5.0,2.0,1.0,2.0,10.0,15.0,2.0,3.0,0.0,0.0,H
E0,2010-04-04,Birmingham,Liverpool,1,1,0.0,0.0,D,8.0,16.0,3.0,8.0,5.0,4.0,14.0,9.0,2.0,1.0,0.0,0.0,D
E0,2010-04-25,Burnley,Liverpool,0,4,0.0,0.0,D,12.0,12.0,6.0,10.0,4.0,5.0,13.0,11.0,2.0,1.0,0.0,0.0,A
E0,2010-09-05,Hull,Liverpool,0,0,0.0,0.0,D,11.0,19.0,6.0,7.0,2.0,6.0,15.0,11.0,1.0,0.0,0.0,0.0,D
E0,2010-08-23,Man City,Liverpool,3,0,1.0,0.0,H,8.0,13.0,3.0,7.0,5.0,4.0,13.0,12.0,1.0,1.0,0.0,0.0,H
E0,2010-12-09,Birmingham,Liverpool,0,0,0.0,0.0,D,15.0,14.0,3.0,8.0,4.0,3.0,8.0,9.0,1.0,0.0,0.0,0.0,D
E0,2010-09-19,Man United,Liverpool,3,2,1.0,0.0,H,16.0,7.0,7.0,1.0,6.0,1.0,15.0,10.0,4.0,1.0,0.0,0.0,H
E0,2010-10-17,Everton,Liverpool,2,0,1.0,0.0,H,9.0,15.0,6.0,9.0,8.0,7.0,10.0,9.0,2.0,2.0,0.0,0.0,H
E0,2010-10-31,Bolton,Liverpool,0,1,0.0,0.0,D,14.0,10.0,10.0,4.0,1.0,4.0,15.0,13.0,2.0,2.0,0.0,0.0,A
E0,2010-10-11,Wigan,Liverpool,1,1,0.0,1.0,A,10.0,8.0,8.0,3.0,5.0,4.0,7.0,10.0,0.0,2.0,0.0,0.0,D
E0,2010-11-13,Stoke,Liverpool,2,0,0.0,0.0,D,14.0,10.0,7.0,6.0,4.0,3.0,14.0,10.0,2.0,3.0,0.0,1.0,H
E0,2010-11-28,Tottenham,Liverpool,2,1,0.0,1.0,A,20.0,12.0,13.0,8.0,5.0,8.0,6.0,16.0,0.0,5.0,0.0,0.0,H
E0,2010-11-12,Newcastle,Liverpool,3,1,1.0,0.0,H,8.0,16.0,5.0,7.0,2.0,5.0,19.0,13.0,2.0,1.0,0.0,0.0,H
E0,2011-05-01,Blackburn,Liverpool,3,1,2.0,0.0,H,10.0,13.0,4.0,9.0,0.0,7.0,14.0,13.0,1.0,1.0,0.0,0.0,H
E0,2011-12-01,Blackpool,Liverpool,2,1,1.0,1.0,D,13.0,10.0,9.0,6.0,3.0,3.0,6.0,13.0,1.0,3.0,0.0,0.0,H
E0,2011-01-22,Wolves,Liverpool,0,3,0.0,1.0,A,11.0,15.0,4.0,10.0,5.0,4.0,6.0,17.0,0.0,3.0,0.0,0.0,A
E0,2011-06-02,Chelsea,Liverpool,0,1,0.0,0.0,D,14.0,7.0,4.0,4.0,4.0,3.0,9.0,9.0,1.0,1.0,0.0,0.0,A
E0,2011-02-27,West Ham,Liverpool,3,1,2.0,0.0,H,17.0,12.0,11.0,8.0,6.0,8.0,10.0,8.0,0.0,1.0,0.0,0.0,H
E0,2011-03-20,Sunderland,Liverpool,0,2,0.0,1.0,A,3.0,10.0,1.0,4.0,3.0,6.0,11.0,7.0,3.0,3.0,1.0,0.0,A
E0,2011-02-04,West Brom,Liverpool,2,1,0.0,0.0,D,17.0,13.0,14.0,9.0,0.0,5.0,10.0,15.0,2.0,3.0,0.0,0.0,H
E0,2011-04-17,Arsenal,Liverpool,1,1,0.0,0.0,D,12.0,9.0,6.0,5.0,10.0,3.0,13.0,13.0,2.0,4.0,0.0,0.0,D
E0,2011-09-05,Fulham,Liverpool,2,5,0.0,3.0,A,10.0,16.0,7.0,11.0,6.0,5.0,18.0,11.0,5.0,2.0,0.0,0.0,A
E0,2011-05-22,Aston Villa,Liverpool,1,0,1.0,0.0,H,10.0,9.0,8.0,4.0,4.0,5.0,12.0,12.0,2.0,2.0,0.0,0.0,H
E0,2011-08-20,Arsenal,Liverpool,0,2,0.0,0.0,D,10.0,13.0,6.0,8.0,9.0,5.0,11.0,6.0,2.0,2.0,1.0,0.0,A
E0,2011-10-09,Stoke,Liverpool,1,0,1.0,0.0,H,3.0,20.0,1.0,11.0,2.0,12.0,12.0,13.0,0.0,1.0,0.0,0.0,H
E0,2011-09-18,Tottenham,Liverpool,4,0,1.0,0.0,H,24.0,5.0,16.0,2.0,4.0,1.0,10.0,9.0,1.0,4.0,0.0,2.0,H
E0,2011-01-10,Everton,Liverpool,0,2,0.0,0.0,D,12.0,15.0,4.0,9.0,5.0,9.0,15.0,9.0,1.0,1.0,1.0,0.0,A
E0,2011-10-29,West Brom,Liverpool,0,2,0.0,2.0,A,10.0,17.0,6.0,7.0,3.0,10.0,12.0,9.0,1.0,0.0,0.0,0.0,A
E0,2011-11-20,Chelsea,Liverpool,1,2,0.0,1.0,A,18.0,9.0,5.0,3.0,6.0,5.0,13.0,11.0,3.0,2.0,0.0,0.0,A
E0,2011-05-12,Fulham,Liverpool,1,0,0.0,0.0,D,19.0,17.0,13.0,9.0,2.0,10.0,12.0,9.0,3.0,1.0,0.0,1.0,H
E0,2011-12-18,Aston Villa,Liverpool,0,2,0.0,2.0,A,16.0,19.0,8.0,12.0,4.0,10.0,5.0,14.0,1.0,2.0,0.0,0.0,A
E0,2011-12-21,Wigan,Liverpool,0,0,0.0,0.0,D,15.0,18.0,10.0,10.0,7.0,14.0,16.0,12.0,1.0,2.0,0.0,0.0,D
E0,2012-03-01,Man City,Liverpool,3,0,2.0,0.0,H,10.0,18.0,8.0,10.0,5.0,6.0,13.0,7.0,1.0,2.0,1.0,0.0,H
E0,2012-01-21,Bolton,Liverpool,3,1,2.0,1.0,H,15.0,11.0,8.0,8.0,5.0,5.0,10.0,13.0,0.0,2.0,0.0,0.0,H
E0,2012-01-31,Wolves,Liverpool,0,3,0.0,0.0,D,5.0,23.0,1.0,14.0,5.0,4.0,6.0,8.0,1.0,3.0,0.0,0.0,A
E0,2012-11-02,Man United,Liverpool,2,1,0.0,0.0,D,11.0,9.0,6.0,6.0,4.0,3.0,10.0,11.0,1.0,1.0,0.0,0.0,H
E0,2012-10-03,Sunderland,Liverpool,1,0,0.0,0.0,D,6.0,9.0,1.0,5.0,3.0,2.0,13.0,15.0,1.0,1.0,0.0,0.0,H
E0,2012-03-21,QPR,Liverpool,3,2,0.0,0.0,D,10.0,18.0,5.0,11.0,7.0,17.0,8.0,6.0,0.0,0.0,0.0,0.0,H
E0,2012-01-04,Newcastle,Liverpool,2,0,1.0,0.0,H,11.0,9.0,7.0,6.0,3.0,6.0,10.0,11.0,3.0,3.0,0.0,1.0,H
E0,2012-10-04,Blackburn,Liverpool,2,3,1.0,2.0,A,10.0,16.0,4.0,12.0,4.0,4.0,16.0,12.0,4.0,5.0,0.0,1.0,A
E0,2012-04-28,Norwich,Liverpool,0,3,0.0,2.0,A,8.0,15.0,3.0,9.0,5.0,7.0,9.0,4.0,4.0,0.0,0.0,0.0,A
E0,2012-05-13,Swansea,Liverpool,1,0,0.0,0.0,D,13.0,14.0,8.0,9.0,6.0,5.0,5.0,5.0,1.0,1.0,0.0,0.0,H
E0,2012-08-18,West Brom,Liverpool,3,0,1.0,0.0,H,15.0,14.0,10.0,7.0,7.0,3.0,10.0,11.0,1.0,4.0,0.0,1.0,H
E0,2012-09-15,Sunderland,Liverpool,1,1,1.0,0.0,H,6.0,20.0,4.0,9.0,2.0,7.0,18.0,10.0,1.0,2.0,0.0,0.0,D
E0,2012-09-29,Norwich,Liverpool,2,5,0.0,2.0,A,10.0,10.0,7.0,6.0,5.0,5.0,5.0,2.0,1.0,0.0,0.0,0.0,A
E0,2012-10-28,Everton,Liverpool,2,2,2.0,2.0,D,17.0,12.0,8.0,5.0,9.0,5.0,16.0,18.0,4.0,3.0,0.0,0.0,D
E0,2012-11-11,Chelsea,Liverpool,1,1,1.0,0.0,H,12.0,9.0,3.0,5.0,4.0,7.0,12.0,13.0,1.0,3.0,0.0,0.0,D
E0,2012-11-25,Swansea,Liverpool,0,0,0.0,0.0,D,17.0,21.0,8.0,14.0,7.0,6.0,6.0,10.0,1.0,0.0,0.0,0.0,D
E0,2012-11-28,Tottenham,Liverpool,2,1,2.0,0.0,H,14.0,14.0,7.0,9.0,1.0,12.0,4.0,14.0,1.0,2.0,0.0,0.0,H
E0,2012-09-12,West Ham,Liverpool,2,3,2.0,1.0,H,9.0,16.0,6.0,8.0,2.0,5.0,12.0,10.0,1.0,2.0,0.0,0.0,A
E0,2012-12-26,Stoke,Liverpool,3,1,2.0,1.0,H,7.0,12.0,6.0,6.0,6.0,8.0,11.0,5.0,3.0,1.0,0.0,0.0,H
E0,2012-12-30,QPR,Liverpool,0,3,0.0,3.0,A,14.0,16.0,7.0,11.0,1.0,9.0,10.0,8.0,2.0,1.0,0.0,0.0,A
E0,2013-01-13,Man United,Liverpool,2,1,1.0,0.0,H,15.0,12.0,10.0,5.0,3.0,1.0,14.0,16.0,1.0,4.0,0.0,0.0,H
E0,2013-01-30,Arsenal,Liverpool,2,2,0.0,1.0,A,14.0,10.0,6.0,5.0,8.0,6.0,9.0,11.0,3.0,1.0,0.0,0.0,D
E0,2013-03-02,Man City,Liverpool,2,2,1.0,1.0,D,9.0,21.0,5.0,12.0,9.0,10.0,14.0,7.0,2.0,4.0,0.0,0.0,D
E0,2013-02-03,Wigan,Liverpool,0,4,0.0,3.0,A,15.0,8.0,11.0,7.0,4.0,3.0,11.0,15.0,2.0,2.0,0.0,0.0,A
E0,2013-03-16,Southampton,Liverpool,3,1,2.0,1.0,H,17.0,8.0,12.0,6.0,7.0,5.0,10.0,10.0,0.0,1.0,0.0,0.0,H
E0,2013-03-31,Aston Villa,Liverpool,1,2,1.0,0.0,H,10.0,16.0,7.0,12.0,7.0,8.0,9.0,8.0,1.0,1.0,0.0,0.0,A
E0,2013-04-13,Reading,Liverpool,0,0,0.0,0.0,D,7.0,26.0,5.0,15.0,4.0,9.0,9.0,8.0,2.0,1.0,0.0,0.0,D
E0,2013-04-27,Newcastle,Liverpool,0,6,0.0,2.0,A,5.0,11.0,1.0,10.0,5.0,7.0,14.0,7.0,3.0,2.0,1.0,0.0,A
E0,2013-12-05,Fulham,Liverpool,1,3,1.0,1.0,D,10.0,20.0,8.0,14.0,7.0,8.0,2.0,10.0,0.0,1.0,0.0,0.0,A
E0,2013-08-24,Aston Villa,Liverpool,0,1,0.0,1.0,A,17.0,5.0,3.0,1.0,8.0,2.0,9.0,8.0,3.0,3.0,0.0,0.0,A
E0,2013-09-16,Swansea,Liverpool,2,2,1.0,2.0,A,17.0,12.0,8.0,5.0,3.0,7.0,7.0,10.0,2.0,3.0,0.0,0.0,D
E0,2013-09-29,Sunderland,Liverpool,1,3,0.0,2.0,A,23.0,15.0,5.0,6.0,10.0,8.0,8.0,10.0,2.0,1.0,0.0,0.0,A
E0,2013-10-19,Newcastle,Liverpool,2,2,1.0,1.0,D,14.0,23.0,4.0,7.0,3.0,13.0,8.0,10.0,2.0,3.0,1.0,0.0,D
E0,2013-02-11,Arsenal,Liverpool,2,0,1.0,0.0,H,12.0,12.0,7.0,4.0,3.0,5.0,11.0,7.0,2.0,1.0,0.0,0.0,H
E0,2013-11-23,Everton,Liverpool,3,3,1.0,2.0,A,18.0,11.0,12.0,5.0,6.0,7.0,16.0,15.0,4.0,3.0,0.0,0.0,D
E0,2013-01-12,Hull,Liverpool,3,1,1.0,1.0,D,12.0,9.0,4.0,4.0,2.0,6.0,10.0,16.0,2.0,0.0,0.0,0.0,H
E0,2013-12-15,Tottenham,Liverpool,0,5,0.0,2.0,A,9.0,21.0,0.0,10.0,2.0,9.0,17.0,15.0,3.0,0.0,1.0,0.0,A
E0,2013-12-26,Man City,Liverpool,2,1,2.0,1.0,H,20.0,12.0,6.0,5.0,7.0,6.0,10.0,9.0,1.0,3.0,0.0,0.0,H
E0,2013-12-29,Chelsea,Liverpool,2,1,2.0,1.0,H,11.0,8.0,5.0,4.0,4.0,2.0,17.0,17.0,4.0,1.0,0.0,0.0,H
E0,2014-12-01,Stoke,Liverpool,3,5,2.0,2.0,D,13.0,13.0,4.0,9.0,11.0,2.0,10.0,8.0,1.0,1.0,0.0,0.0,A
E0,2014-02-02,West Brom,Liverpool,1,1,0.0,1.0,A,12.0,12.0,4.0,3.0,3.0,4.0,13.0,15.0,4.0,2.0,0.0,0.0,D
E0,2014-12-02,Fulham,Liverpool,2,3,1.0,1.0,D,10.0,21.0,3.0,7.0,7.0,5.0,7.0,9.0,4.0,3.0,0.0,0.0,A
E0,2014-01-03,Southampton,Liverpool,0,3,0.0,1.0,A,13.0,12.0,2.0,5.0,3.0,6.0,10.0,6.0,1.0,2.0,0.0,0.0,A
E0,2014-03-16,Man United,Liverpool,0,3,0.0,1.0,A,13.0,17.0,1.0,7.0,3.0,4.0,13.0,12.0,1.0,4.0,1.0,0.0,A
E0,2014-03-22,Cardiff,Liverpool,3,6,2.0,2.0,D,9.0,19.0,3.0,9.0,4.0,6.0,14.0,11.0,2.0,3.0,0.0,0.0,A
E0,2014-06-04,West Ham,Liverpool,1,2,1.0,1.0,D,11.0,17.0,1.0,8.0,4.0,4.0,10.0,9.0,4.0,0.0,0.0,0.0,A
E0,2014-04-20,Norwich,Liverpool,2,3,0.0,2.0,A,13.0,14.0,5.0,6.0,8.0,3.0,16.0,10.0,3.0,2.0,0.0,0.0,A
E0,2014-05-05,Crystal Palace,Liverpool,3,3,0.0,1.0,A,10.0,26.0,6.0,9.0,7.0,7.0,7.0,12.0,2.0,3.0,0.0,0.0,D
E0,2014-08-25,Man City,Liverpool,3,1,1.0,0.0,H,9.0,11.0,4.0,3.0,6.0,7.0,13.0,7.0,1.0,1.0,0.0,0.0,H
E0,2014-08-31,Tottenham,Liverpool,0,3,0.0,1.0,A,7.0,17.0,1.0,8.0,7.0,3.0,14.0,11.0,0.0,4.0,0.0,0.0,A
E0,2014-09-20,West Ham,Liverpool,3,1,2.0,1.0,H,13.0,11.0,7.0,5.0,7.0,5.0,16.0,11.0,4.0,1.0,0.0,0.0,H
E0,2014-10-19,QPR,Liverpool,2,3,0.0,0.0,D,15.0,15.0,6.0,5.0,7.0,2.0,10.0,15.0,2.0,3.0,0.0,0.0,A
E0,2014-01-11,Newcastle,Liverpool,1,0,0.0,0.0,D,14.0,6.0,3.0,3.0,7.0,2.0,13.0,8.0,4.0,3.0,0.0,0.0,H
E0,2014-11-23,Crystal Palace,Liverpool,3,1,1.0,1.0,D,15.0,12.0,5.0,1.0,4.0,3.0,21.0,10.0,1.0,2.0,0.0,0.0,H
E0,2014-02-12,Leicester,Liverpool,1,3,1.0,1.0,D,20.0,11.0,4.0,3.0,7.0,4.0,11.0,10.0,1.0,2.0,1.0,0.0,A
E0,2014-12-14,Man United,Liverpool,3,0,2.0,0.0,H,11.0,19.0,6.0,9.0,2.0,7.0,13.0,14.0,4.0,3.0,0.0,0.0,H
E0,2014-12-26,Burnley,Liverpool,0,1,0.0,0.0,D,16.0,10.0,0.0,3.0,8.0,2.0,7.0,5.0,0.0,1.0,0.0,0.0,A
E0,2015-10-01,Sunderland,Liverpool,0,1,0.0,1.0,A,5.0,21.0,1.0,4.0,6.0,6.0,12.0,11.0,1.0,4.0,1.0,0.0,A
E0,2015-01-17,Aston Villa,Liverpool,0,2,0.0,1.0,A,15.0,12.0,4.0,5.0,9.0,5.0,13.0,11.0,1.0,1.0,0.0,0.0,A
E0,2015-07-02,Everton,Liverpool,0,0,0.0,0.0,D,6.0,17.0,1.0,6.0,3.0,6.0,11.0,7.0,4.0,1.0,0.0,0.0,D
E0,2015-02-22,Southampton,Liverpool,0,2,0.0,1.0,A,13.0,6.0,5.0,4.0,6.0,1.0,11.0,14.0,2.0,3.0,0.0,0.0,A
E0,2015-03-16,Swansea,Liverpool,0,1,0.0,0.0,D,10.0,16.0,3.0,5.0,4.0,5.0,13.0,16.0,0.0,3.0,0.0,0.0,A
E0,2015-04-04,Arsenal,Liverpool,4,1,3.0,0.0,H,16.0,13.0,10.0,2.0,6.0,5.0,7.0,9.0,1.0,0.0,0.0,1.0,H
E0,2015-04-25,West Brom,Liverpool,0,0,0.0,0.0,D,10.0,22.0,4.0,5.0,2.0,4.0,12.0,11.0,1.0,0.0,0.0,0.0,D
E0,2015-04-28,Hull,Liverpool,1,0,1.0,0.0,H,7.0,12.0,4.0,9.0,7.0,7.0,10.0,10.0,2.0,0.0,0.0,0.0,H
E0,2015-10-05,Chelsea,Liverpool,1,1,1.0,1.0,D,8.0,15.0,3.0,4.0,6.0,4.0,13.0,11.0,4.0,3.0,0.0,0.0,D
E0,2015-05-24,Stoke,Liverpool,6,1,5.0,0.0,H,15.0,13.0,9.0,4.0,3.0,9.0,13.0,4.0,4.0,2.0,0.0,0.0,H
E0,2015-09-08,Stoke,Liverpool,0,1,0.0,0.0,D,7.0,8.0,1.0,3.0,3.0,5.0,9.0,16.0,2.0,4.0,0.0,0.0,A
E0,2015-08-24,Arsenal,Liverpool,0,0,0.0,0.0,D,19.0,15.0,5.0,8.0,7.0,8.0,2.0,13.0,1.0,4.0,0.0,0.0,D
E0,2015-12-09,Man United,Liverpool,3,1,0.0,0.0,D,9.0,8.0,3.0,4.0,4.0,4.0,6.0,11.0,1.0,2.0,0.0,0.0,H
E0,2015-04-10,Everton,Liverpool,1,1,1.0,1.0,D,14.0,13.0,4.0,4.0,5.0,11.0,10.0,19.0,3.0,3.0,0.0,0.0,D
E0,2015-10-17,Tottenham,Liverpool,0,0,0.0,0.0,D,13.0,12.0,4.0,3.0,8.0,6.0,15.0,11.0,1.0,2.0,0.0,0.0,D
E0,2015-10-31,Chelsea,Liverpool,1,3,1.0,1.0,D,8.0,16.0,2.0,7.0,1.0,7.0,9.0,21.0,1.0,4.0,0.0,0.0,A
E0,2015-11-21,Man City,Liverpool,1,4,1.0,3.0,A,11.0,14.0,3.0,9.0,11.0,5.0,5.0,13.0,0.0,3.0,0.0,0.0,A
E0,2015-06-12,Newcastle,Liverpool,2,0,0.0,0.0,D,6.0,10.0,1.0,1.0,2.0,7.0,6.0,10.0,3.0,1.0,0.0,0.0,H
E0,2015-12-20,Watford,Liverpool,3,0,2.0,0.0,H,6.0,12.0,5.0,4.0,7.0,9.0,6.0,9.0,1.0,0.0,0.0,0.0,H
E0,2015-12-30,Sunderland,Liverpool,0,1,0.0,0.0,D,8.0,17.0,3.0,6.0,6.0,4.0,8.0,16.0,1.0,3.0,0.0,0.0,A
E0,2016-02-01,West Ham,Liverpool,2,0,1.0,0.0,H,18.0,23.0,10.0,2.0,3.0,9.0,11.0,8.0,1.0,1.0,0.0,0.0,H
E0,2016-01-23,Norwich,Liverpool,4,5,2.0,1.0,H,6.0,13.0,5.0,7.0,3.0,3.0,10.0,14.0,0.0,1.0,0.0,0.0,A
E0,2016-02-02,Leicester,Liverpool,2,0,0.0,0.0,D,13.0,14.0,6.0,2.0,3.0,12.0,6.0,7.0,0.0,1.0,0.0,0.0,H
E0,2016-02-14,Aston Villa,Liverpool,0,6,0.0,2.0,A,6.0,11.0,1.0,9.0,0.0,6.0,10.0,9.0,3.0,1.0,0.0,0.0,A
E0,2016-06-03,Crystal Palace,Liverpool,1,2,0.0,0.0,D,14.0,19.0,4.0,5.0,6.0,6.0,12.0,16.0,1.0,2.0,0.0,1.0,A
E0,2016-03-20,Southampton,Liverpool,3,2,0.0,2.0,A,16.0,18.0,5.0,9.0,3.0,5.0,10.0,13.0,1.0,3.0,0.0,0.0,H
E0,2016-04-17,Bournemouth,Liverpool,1,2,0.0,2.0,A,18.0,19.0,5.0,6.0,5.0,4.0,9.0,9.0,0.0,0.0,0.0,0.0,A
E0,2016-01-05,Swansea,Liverpool,3,1,2.0,0.0,H,18.0,11.0,9.0,3.0,4.0,7.0,12.0,13.0,2.0,2.0,0.0,1.0,H
E0,2016-05-15,West Brom,Liverpool,1,1,1.0,1.0,D,13.0,7.0,1.0,3.0,7.0,5.0,11.0,14.0,3.0,1.0,0.0,0.0,D
E0,2016-08-14,Arsenal,Liverpool,3,4,1.0,1.0,D,9.0,16.0,5.0,7.0,5.0,4.0,13.0,17.0,3.0,3.0,0.0,0.0,A
E0,2016-08-20,Burnley,Liverpool,2,0,2.0,0.0,H,3.0,26.0,2.0,5.0,1.0,12.0,14.0,5.0,0.0,1.0,0.0,0.0,H
E0,2016-08-27,Tottenham,Liverpool,1,1,0.0,1.0,A,11.0,13.0,4.0,3.0,5.0,5.0,11.0,17.0,3.0,5.0,0.0,0.0,D
E0,2016-09-16,Chelsea,Liverpool,1,2,0.0,2.0,A,12.0,13.0,4.0,5.0,6.0,4.0,6.0,13.0,1.0,1.0,0.0,0.0,A
E0,2016-01-10,Swansea,Liverpool,1,2,1.0,0.0,H,8.0,18.0,3.0,6.0,3.0,10.0,11.0,9.0,2.0,2.0,0.0,0.0,A
E0,2016-10-29,Crystal Palace,Liverpool,2,4,2.0,3.0,A,7.0,17.0,6.0,10.0,3.0,3.0,15.0,5.0,1.0,2.0,0.0,0.0,A
E0,2016-11-19,Southampton,Liverpool,0,0,0.0,0.0,D,3.0,15.0,0.0,2.0,1.0,8.0,8.0,11.0,1.0,1.0,0.0,0.0,D
E0,2016-04-12,Bournemouth,Liverpool,4,3,0.0,2.0,A,12.0,10.0,8.0,3.0,4.0,9.0,9.0,17.0,2.0,2.0,0.0,0.0,H
E0,2016-12-14,Middlesbrough,Liverpool,0,3,0.0,1.0,A,8.0,15.0,3.0,4.0,5.0,2.0,11.0,14.0,1.0,0.0,0.0,0.0,A
E0,2016-12-19,Everton,Liverpool,0,1,0.0,0.0,D,6.0,11.0,1.0,4.0,1.0,6.0,13.0,9.0,3.0,1.0,0.0,0.0,A
E0,2017-02-01,Sunderland,Liverpool,2,2,1.0,1.0,D,10.0,21.0,5.0,15.0,2.0,5.0,10.0,10.0,2.0,3.0,0.0,0.0,D
E0,2017-01-15,Man United,Liverpool,1,1,0.0,1.0,A,9.0,13.0,3.0,4.0,5.0,7.0,17.0,13.0,1.0,3.0,0.0,0.0,D
E0,2017-04-02,Hull,Liverpool,2,0,1.0,0.0,H,7.0,22.0,4.0,5.0,1.0,15.0,9.0,12.0,2.0,1.0,0.0,0.0,H
E0,2017-02-27,Leicester,Liverpool,3,1,2.0,0.0,H,13.0,17.0,7.0,7.0,5.0,12.0,8.0,5.0,0.0,0.0,0.0,0.0,H
E0,2017-03-19,Man City,Liverpool,1,1,0.0,0.0,D,13.0,13.0,3.0,4.0,9.0,8.0,14.0,7.0,3.0,3.0,0.0,0.0,D
E0,2017-08-04,Stoke,Liverpool,1,2,1.0,0.0,H,9.0,14.0,4.0,4.0,5.0,8.0,7.0,11.0,0.0,2.0,0.0,0.0,A
E0,2017-04-16,West Brom,Liverpool,0,1,0.0,1.0,A,7.0,15.0,2.0,2.0,4.0,4.0,15.0,9.0,3.0,1.0,0.0,0.0,A
E0,2017-01-05,Watford,Liverpool,0,1,0.0,1.0,A,9.0,12.0,2.0,8.0,3.0,5.0,11.0,9.0,3.0,1.0,0.0,0.0,A
E0,2017-05-14,West Ham,Liverpool,0,4,0.0,1.0,A,10.0,26.0,3.0,11.0,4.0,6.0,5.0,10.0,2.0,0.0,0.0,0.0,A
E0,2017-12-08,Watford,Liverpool,3,3,2.0,1.0,H,9.0,14.0,4.0,5.0,3.0,3.0,14.0,8.0,0.0,3.0,0.0,0.0,D
E0,2017-09-09,Man City,Liverpool,5,0,2.0,0.0,H,13.0,10.0,7.0,3.0,8.0,3.0,10.0,9.0,2.0,2.0,0.0,1.0,H
E0,2017-09-23,Leicester,Liverpool,2,3,1.0,2.0,A,12.0,23.0,7.0,6.0,3.0,6.0,13.0,14.0,3.0,3.0,0.0,0.0,A
E0,2017-01-10,Newcastle,Liverpool,1,1,1.0,1.0,D,8.0,17.0,5.0,2.0,1.0,5.0,11.0,6.0,1.0,1.0,0.0,0.0,D
E0,2017-10-22,Tottenham,Liverpool,4,1,3.0,1.0,H,14.0,12.0,6.0,7.0,3.0,5.0,2.0,8.0,0.0,1.0,0.0,0.0,H
E0,2017-04-11,West Ham,Liverpool,1,4,0.0,2.0,A,6.0,15.0,1.0,7.0,2.0,3.0,9.0,13.0,3.0,0.0,0.0,0.0,A
E0,2017-11-29,Stoke,Liverpool,0,3,0.0,1.0,A,10.0,14.0,1.0,7.0,5.0,9.0,8.0,10.0,1.0,5.0,0.0,0.0,A
E0,2017-02-12,Brighton,Liverpool,1,5,0.0,2.0,A,6.0,12.0,2.0,6.0,2.0,2.0,8.0,7.0,1.0,0.0,0.0,0.0,A
E0,2017-12-17,Bournemouth,Liverpool,0,4,0.0,3.0,A,6.0,21.0,2.0,7.0,2.0,3.0,5.0,10.0,1.0,1.0,0.0,0.0,A
E0,2017-12-22,Arsenal,Liverpool,3,3,0.0,1.0,A,11.0,14.0,4.0,9.0,7.0,8.0,9.0,11.0,1.0,0.0,0.0,0.0,D
E0,2018-01-01,Burnley,Liverpool,1,2,0.0,0.0,D,13.0,19.0,4.0,5.0,3.0,9.0,4.0,12.0,0.0,0.0,0.0,0.0,A
E0,2018-01-22,Swansea,Liverpool,1,0,1.0,0.0,H,3.0,21.0,2.0,4.0,3.0,9.0,5.0,9.0,0.0,2.0,0.0,0.0,H
E0,2018-01-30,Huddersfield,Liverpool,0,3,0.0,2.0,A,5.0,14.0,1.0,7.0,1.0,4.0,8.0,8.0,0.0,0.0,0.0,0.0,A
E0,2018-11-02,Southampton,Liverpool,0,2,0.0,2.0,A,6.0,16.0,4.0,4.0,3.0,1.0,5.0,8.0,1.0,2.0,0.0,0.0,A
E0,2018-10-03,Man United,Liverpool,2,1,2.0,0.0,H,5.0,14.0,2.0,2.0,1.0,13.0,10.0,16.0,2.0,1.0,0.0,0.0,H
E0,2018-03-31,Crystal Palace,Liverpool,1,2,1.0,0.0,H,6.0,16.0,3.0,6.0,4.0,6.0,6.0,8.0,2.0,2.0,0.0,0.0,A
E0,2018-07-04,Everton,Liverpool,0,0,0.0,0.0,D,6.0,10.0,1.0,3.0,3.0,2.0,12.0,7.0,0.0,0.0,0.0,0.0,D
E0,2018-04-21,West Brom,Liverpool,2,2,0.0,1.0,A,13.0,9.0,6.0,3.0,7.0,4.0,12.0,5.0,0.0,1.0,0.0,0.0,D
E0,2018-06-05,Chelsea,Liverpool,1,0,1.0,0.0,H,12.0,10.0,4.0,5.0,3.0,1.0,12.0,9.0,3.0,2.0,0.0,0.0,H
E0,2018-08-20,Crystal Palace,Liverpool,0,2,0.0,1.0,A,8.0,16.0,2.0,6.0,6.0,7.0,6.0,13.0,1.0,1.0,1.0,0.0,A
E0,2018-01-09,Leicester,Liverpool,1,2,0.0,2.0,A,12.0,10.0,5.0,4.0,4.0,4.0,9.0,12.0,3.0,2.0,0.0,0.0,A
E0,2018-09-15,Tottenham,Liverpool,1,2,0.0,1.0,A,11.0,17.0,3.0,10.0,5.0,4.0,17.0,16.0,0.0,0.0,0.0,0.0,A
E0,2018-09-29,Chelsea,Liverpool,1,1,1.0,0.0,H,10.0,13.0,4.0,6.0,4.0,4.0,7.0,9.0,0.0,2.0,0.0,0.0,D
E0,2018-10-20,Huddersfield,Liverpool,0,1,0.0,1.0,A,13.0,11.0,1.0,2.0,2.0,4.0,9.0,6.0,0.0,2.0,0.0,0.0,A
E0,2018-03-11,Arsenal,Liverpool,1,1,0.0,0.0,D,12.0,13.0,4.0,4.0,5.0,8.0,7.0,7.0,1.0,1.0,0.0,0.0,D
E0,2018-11-24,Watford,Liverpool,0,3,0.0,0.0,D,5.0,10.0,1.0,7.0,5.0,5.0,12.0,13.0,0.0,0.0,0.0,1.0,A
E0,2018-05-12,Burnley,Liverpool,1,3,0.0,0.0,D,10.0,18.0,6.0,12.0,5.0,9.0,10.0,3.0,1.0,0.0,0.0,0.0,A
E0,2018-08-12,Bournemouth,Liverpool,0,4,0.0,1.0,A,8.0,10.0,2.0,4.0,6.0,6.0,9.0,11.0,2.0,1.0,0.0,0.0,A
E0,2018-12-21,Wolves,Liverpool,0,2,0.0,1.0,A,11.0,15.0,5.0,6.0,1.0,10.0,7.0,3.0,0.0,0.0,0.0,0.0,A
E0,2019-03-01,Man City,Liverpool,2,1,1.0,0.0,H,9.0,7.0,4.0,5.0,2.0,1.0,12.0,7.0,4.0,2.0,0.0,0.0,H
E0,2019-12-01,Brighton,Liverpool,0,1,0.0,0.0,D,7.0,10.0,0.0,3.0,2.0,7.0,15.0,5.0,0.0,0.0,0.0,0.0,A
E0,2019-04-02,West Ham,Liverpool,1,1,1.0,1.0,D,13.0,11.0,2.0,6.0,2.0,5.0,9.0,11.0,1.0,1.0,0.0,0.0,D
E0,2019-02-24,Man United,Liverpool,0,0,0.0,0.0,D,6.0,7.0,3.0,1.0,3.0,7.0,15.0,17.0,1.0,3.0,0.0,0.0,D
E0,2019-03-03,Everton,Liverpool,0,0,0.0,0.0,D,7.0,10.0,3.0,3.0,3.0,7.0,12.0,10.0,1.0,2.0,0.0,0.0,D
E0,2019-03-17,Fulham,Liverpool,1,2,0.0,1.0,A,7.0,16.0,2.0,6.0,1.0,10.0,11.0,7.0,2.0,1.0,0.0,0.0,A
E0,2019-05-04,Southampton,Liverpool,1,3,1.0,1.0,D,11.0,17.0,1.0,5.0,7.0,5.0,8.0,7.0,2.0,4.0,0.0,0.0,A
E0,2019-04-21,Cardiff,Liverpool,0,2,0.0,0.0,D,7.0,17.0,2.0,6.0,5.0,10.0,6.0,5.0,1.0,1.0,0.0,0.0,A
E0,2019-04-05,Newcastle,Liverpool,2,3,1.0,2.0,A,14.0,11.0,7.0,4.0,2.0,3.0,10.0,4.0,1.0,1.0,0.0,0.0,A
E0,2019-08-17,Southampton,Liverpool,1,2,0.0,1.0,A,14.0,15.0,3.0,6.0,5.0,9.0,10.0,6.0,2.0,1.0,0.0,0.0,A
E0,2019-08-31,Burnley,Liverpool,0,3,0.0,2.0,A,7.0,15.0,2.0,7.0,6.0,4.0,10.0,16.0,0.0,0.0,0.0,0.0,A
E0,2019-09-22,Chelsea,Liverpool,1,2,0.0,2.0,A,13.0,6.0,2.0,3.0,6.0,4.0,8.0,13.0,3.0,3.0,0.0,0.0,A
E0,2019-09-28,Sheffield United,Liverpool,0,1,0.0,0.0,D,12.0,16.0,2.0,4.0,6.0,5.0,8.0,4.0,1.0,1.0,0.0,0.0,A
E0,2019-10-20,Man United,Liverpool,1,1,1.0,0.0,H,7.0,10.0,2.0,4.0,3.0,1.0,6.0,14.0,0.0,1.0,0.0,0.0,D
E0,2019-02-11,Aston Villa,Liverpool,1,2,1.0,0.0,H,5.0,25.0,2.0,6.0,2.0,10.0,12.0,9.0,1.0,2.0,0.0,0.0,A
E0,2019-11-23,Crystal Palace,Liverpool,1,2,0.0,0.0,D,16.0,12.0,6.0,4.0,9.0,8.0,8.0,7.0,0.0,1.0,0.0,0.0,A
E0,2019-07-12,Bournemouth,Liverpool,0,3,0.0,2.0,A,3.0,21.0,0.0,9.0,1.0,3.0,5.0,6.0,0.0,1.0,0.0,0.0,A
E0,2019-12-26,Leicester,Liverpool,0,4,0.0,1.0,A,3.0,15.0,0.0,6.0,2.0,8.0,5.0,7.0,1.0,1.0,0.0,0.0,A
E0,2020-11-01,Tottenham,Liverpool,0,1,0.0,1.0,A,14.0,13.0,4.0,7.0,4.0,3.0,4.0,8.0,0.0,2.0,0.0,0.0,A
E0,2020-01-23,Wolves,Liverpool,1,2,0.0,1.0,A,10.0,13.0,3.0,6.0,2.0,4.0,6.0,11.0,0.0,1.0,0.0,0.0,A
E0,2020-01-29,West Ham,Liverpool,0,2,0.0,1.0,A,7.0,13.0,4.0,5.0,3.0,7.0,6.0,6.0,2.0,0.0,0.0,0.0,A
E0,2020-02-15,Norwich,Liverpool,0,1,0.0,0.0,D,5.0,17.0,1.0,6.0,2.0,7.0,5.0,11.0,1.0,2.0,0.0,0.0,A
E0,2020-09-20,Chelsea,Liverpool,0,2,0.0,0.0,D,5.0,18.0,3.0,6.0,1.0,11.0,10.0,6.0,0.0,0.0,1.0,0.0,A
E0,2020-04-10,Aston Villa,Liverpool,7,2,4.0,1.0,H,18.0,14.0,11.0,8.0,2.0,7.0,7.0,10.0,2.0,1.0,0.0,0.0,H
E0,2020-10-17,Everton,Liverpool,2,2,1.0,1.0,D,11.0,22.0,5.0,8.0,2.0,5.0,15.0,9.0,3.0,2.0,1.0,0.0,D
E0,2020-08-11,Man City,Liverpool,1,1,1.0,1.0,D,7.0,10.0,2.0,3.0,1.0,2.0,19.0,11.0,3.0,1.0,0.0,0.0,D
E0,2020-11-28,Brighton,Liverpool,1,1,0.0,0.0,D,11.0,6.0,3.0,2.0,4.0,3.0,9.0,13.0,2.0,1.0,0.0,0.0,D
E0,2020-12-13,Fulham,Liverpool,1,1,1.0,0.0,H,10.0,12.0,5.0,6.0,6.0,8.0,9.0,5.0,3.0,1.0,0.0,0.0,D
E0,2020-12-19,Crystal Palace,Liverpool,0,7,0.0,3.0,A,5.0,14.0,3.0,8.0,5.0,4.0,5.0,11.0,1.0,0.0,0.0,0.0,A
E0,2020-12-30,Newcastle,Liverpool,0,0,0.0,0.0,D,8.0,11.0,2.0,4.0,5.0,12.0,9.0,13.0,2.0,3.0,0.0,0.0,D
E0,2021-04-01,Southampton,Liverpool,1,0,1.0,0.0,H,7.0,17.0,3.0,1.0,1.0,10.0,5.0,12.0,1.0,3.0,0.0,0.0,H
E0,2021-01-28,Tottenham,Liverpool,1,3,0.0,1.0,A,3.0,14.0,2.0,7.0,1.0,2.0,9.0,11.0,1.0,2.0,0.0,0.0,A
E0,2021-01-31,West Ham,Liverpool,1,3,0.0,0.0,D,8.0,14.0,2.0,5.0,6.0,5.0,7.0,8.0,2.0,0.0,0.0,0.0,A
